Date,Open,High,Low,Close,Adj Close,Volume
2010-01-04,8.11,8.13,7.99,8.01,6.025644000000001,13471969.0
2010-01-05,8.03,8.09,7.9,8.09,6.085825,12001396.0
2010-01-06,8.1,8.14,8.04,8.04,6.048212,13496984.0
2010-01-07,8.02,8.02,7.85,7.86,5.912804,10262641.0
2010-01-08,7.86,7.86,7.86,7.86,5.912804,0.0
2010-01-11,7.86,7.86,7.86,7.86,5.912804,0.0
2010-01-12,7.86,7.86,7.86,7.86,5.912804,0.0
2010-01-13,7.86,7.86,7.86,7.86,5.912804,0.0
2010-01-14,7.86,7.86,7.86,7.86,5.912804,0.0
2010-01-15,7.86,7.86,7.86,7.86,5.912804,0.0
2010-01-18,7.83,8.34,7.8,8.02,6.033167,20917280.0
2010-01-19,8.04,8.11,7.99,8.02,6.033167,14115371.0
2010-01-20,8.02,8.05,7.78,7.8,5.867668,13483884.0
2010-01-21,7.8,7.86,7.72,7.78,5.852623,8300195.0
2010-01-22,7.75,7.81,7.63,7.71,5.799964,7681392.0
2010-01-25,7.68,7.8,7.64,7.72,5.807487,5071674.0
2010-01-26,7.72,7.74,7.39,7.41,5.574285,6956304.0
2010-01-27,7.41,7.49,7.36,7.37,5.544194,4690595.0
2010-01-28,7.4,7.43,7.25,7.29,5.484014,7924234.0
2010-01-29,7.32,7.43,7.27,7.36,5.536671,6194160.0
2010-02-01,7.39,7.4,7.14,7.18,5.401264,6211825.0
2010-02-02,7.22,7.27,7.17,7.18,5.401264,3667869.0
2010-02-03,7.21,7.35,7.15,7.35,5.529148999999999,5759004.0
2010-02-04,7.35,7.41,7.29,7.33,5.514104,4845521.0
2010-02-05,7.23,7.25,7.13,7.18,5.401264,5579436.0
2010-02-08,7.17,7.22,7.15,7.19,5.408787,2924125.0
2010-02-09,7.2,7.29,6.97,7.26,5.461444999999999,4319244.0
2010-02-10,7.27,7.31,7.22,7.28,5.47649,3445384.0
2010-02-11,7.28,7.34,7.28,7.29,5.484014,3108676.0
2010-02-12,7.29,7.35,7.28,7.35,5.529148999999999,3413252.0
2010-02-22,7.29,7.35,7.27,7.31,5.499058,6583727.0
2010-02-23,7.3,7.33,7.17,7.25,5.4539230000000005,3007384.0
2010-02-24,7.22,7.38,7.16,7.37,5.544194,5943322.0
2010-02-25,7.39,7.46,7.35,7.45,5.604375,6790364.0
2010-02-26,7.45,7.45,7.36,7.38,5.551717,6031758.0
2010-03-01,7.38,7.47,7.38,7.46,5.611898,6609530.0
2010-03-02,7.46,7.48,7.37,7.43,5.58933,6650781.0
2010-03-03,7.44,7.64,7.4,7.64,5.747306,15762329.0
2010-03-04,7.65,7.71,7.38,7.51,5.6495120000000005,13384821.0
2010-03-05,7.48,7.51,7.4,7.45,5.604375,5210446.0
2010-03-08,7.45,7.48,7.4,7.43,5.58933,3916574.0
2010-03-09,7.45,7.5,7.4,7.47,5.619421,5722173.0
2010-03-10,7.49,7.49,7.38,7.42,5.5818080000000005,4457875.0
2010-03-11,7.42,7.45,7.35,7.4,5.566762000000001,3882118.0
2010-03-12,7.4,7.4,6.66,7.12,5.356128,6443134.0
2010-03-15,7.25,7.35,7.11,7.12,5.356128,9100606.0
2010-03-16,7.12,7.12,7.12,7.12,5.356128,0.0
2010-03-17,7.17,7.25,7.14,7.23,5.438877,7292038.0
2010-03-18,7.25,7.27,7.18,7.23,5.438877,5899850.0
2010-03-19,7.24,7.28,7.2,7.27,5.468968,4037128.0
2010-03-22,7.28,7.35,7.27,7.32,5.5065800000000005,4961101.0
2010-03-23,7.34,7.34,7.27,7.3,5.491536,4098988.0
2010-03-24,7.34,7.35,7.23,7.27,5.468968,5410331.0
2010-03-25,7.25,7.26,7.15,7.17,5.393741,4539144.0
2010-03-26,7.19,7.28,7.13,7.24,5.4464,3954105.0
2010-03-29,7.26,7.41,7.26,7.37,5.544194,9956540.0
2010-03-30,7.39,7.4,7.31,7.35,5.529148999999999,5089331.0
2010-03-31,7.38,7.4,7.28,7.32,5.5065800000000005,6755025.0
2010-04-01,7.31,7.37,7.28,7.35,5.529148999999999,8000810.0
2010-04-02,7.36,7.36,7.3,7.34,5.521626,8305402.0
2010-04-06,7.36,7.38,7.26,7.31,5.499058,8033740.0
2010-04-07,7.32,7.32,7.25,7.28,5.47649,5618599.0
2010-04-08,7.27,7.27,7.17,7.19,5.408787,6614106.0
2010-04-09,7.2,7.24,7.19,7.21,5.423832,6353357.0
2010-04-12,7.21,7.23,7.16,7.19,5.408787,7842231.0
2010-04-13,7.19,7.27,7.17,7.25,5.4539230000000005,9114988.0
2010-04-14,7.26,7.27,7.21,7.23,5.438877,5585862.0
2010-04-15,7.27,7.3,7.21,7.23,5.438877,7077012.0
2010-04-16,7.2,7.24,7.17,7.18,5.401264,5410932.0
2010-04-19,7.18,7.2,6.89,6.93,5.213198,11084128.0
2010-04-20,6.91,6.99,6.86,6.93,5.213198,5553783.0
2010-04-21,6.96,7.17,6.96,7.14,5.371173000000001,7260972.0
2010-04-22,7.13,7.3,7.06,7.2,5.416309,12107175.0
2010-04-23,7.2,7.26,7.05,7.06,5.310992,5746878.0
2010-04-26,7.05,7.06,6.89,6.95,5.228243,5591491.0
2010-04-27,6.87,6.97,6.71,6.77,5.092835,6102620.0
2010-04-28,6.79,6.79,6.71,6.75,5.07779,4669361.0
2010-04-29,6.76,6.8,6.72,6.73,5.062745,3841767.0
2010-04-30,6.73,6.8,6.64,6.71,5.047699,5514896.0
2010-05-04,6.67,6.75,6.64,6.69,5.032654,2952195.0
2010-05-05,6.68,6.75,6.62,6.73,5.062745,4683194.0
2010-05-06,6.71,6.73,6.5,6.51,4.897247,5046655.0
2010-05-07,6.39,6.39,6.28,6.33,4.761838,4310671.0
2010-05-10,6.32,6.4,6.26,6.35,4.776884,3471725.0
2010-05-11,6.4,6.44,6.15,6.2,4.6640440000000005,4467424.0
2010-05-12,6.19,6.24,6.08,6.2,4.6640440000000005,4516110.0
2010-05-13,6.21,6.3,6.17,6.29,4.7317480000000005,4252681.0
2010-05-14,6.29,6.4,6.24,6.37,4.791929,5983549.0
2010-05-17,6.32,6.45,6.12,6.15,4.626431,6674087.0
2010-05-18,6.14,6.27,6.06,6.22,4.679089,5887912.0
2010-05-19,6.2,6.3,6.1,6.16,4.633954,6029938.0
2010-05-20,6.16,6.28,6.11,6.15,4.626431,4208675.0
2010-05-21,6.09,6.19,5.98,6.17,4.641476,4568784.0
2010-05-24,6.17,6.37,6.15,6.34,4.769361,6515858.0
2010-05-25,6.29,6.3,6.21,6.22,4.679089,4195078.0
2010-05-26,6.22,6.32,6.21,6.22,4.679089,2893279.0
2010-05-27,6.22,6.32,6.13,6.28,4.724225,4586717.0
2010-05-28,6.31,6.36,6.23,6.29,4.7317480000000005,4437319.0
2010-05-31,6.26,6.34,6.15,6.17,4.641476,3857926.0
2010-06-01,6.12,6.27,6.1,6.19,4.656522,5234304.0
2010-06-02,6.15,6.22,6.03,6.15,4.626431,3711654.0
2010-06-03,6.18,6.19,6.09,6.1,4.588818,3456893.0
2010-06-04,6.1,6.13,5.95,6.02,4.528636,5771136.0
2010-06-07,5.96,5.96,5.86,5.9,4.438365,3538589.0
2010-06-08,5.9,5.95,5.88,5.91,4.445887,1835894.0
2010-06-09,5.92,6.02,5.89,6.02,4.528636,4051023.0
2010-06-10,6.0,6.02,5.94,5.98,4.498545,2593506.0
2010-06-11,5.99,6.04,5.98,6.0,4.513591,2840929.0
2010-06-15,,,,,,
2010-06-17,6.05,6.07,6.0,6.0,4.513591,3122050.0
2010-06-18,6.0,6.04,5.94,5.94,4.468456,4250211.0
2010-06-21,5.96,6.09,5.89,6.06,4.558726999999999,4470050.0
2010-06-22,6.06,6.06,6.06,6.06,4.558726999999999,0.0
2010-06-23,6.0,6.05,5.95,6.0,4.513591,4322169.0
2010-06-24,6.0,6.05,5.96,6.02,4.528636,3026393.0
2010-06-25,6.02,6.14,5.99,6.13,4.611385,7115391.0
2010-06-28,6.08,6.24,6.05,6.21,4.671566,7301618.0
2010-06-29,6.2,6.24,6.01,6.01,4.521114,7198683.0
2010-06-30,6.04,6.45,5.98,6.33,4.761838,13180857.0
2010-07-01,6.25,6.4,6.22,6.34,4.769361,7422389.0
2010-07-02,6.28,6.43,6.26,6.4,4.814497,9347994.0
2010-07-05,6.36,6.39,6.13,6.32,4.754316,8111386.0
2010-07-06,6.03,6.13,5.9,6.05,4.707629,7571268.0
2010-07-07,6.0,6.05,5.93,6.02,4.684285,5552516.0
2010-07-08,6.01,6.04,5.94,6.0,4.668723,3759358.0
2010-07-09,5.98,6.11,5.95,6.1,4.746535,6619267.0
2010-07-12,6.1,6.15,6.04,6.12,4.762097,7035753.0
2010-07-13,6.06,6.12,6.0,6.02,4.684285,4068176.0
2010-07-14,6.03,6.18,6.0,6.17,4.801003,9433706.0
2010-07-15,6.18,6.22,6.11,6.14,4.777659,7052949.0
2010-07-16,6.14,6.15,6.02,6.1,4.746535,4498922.0
2010-07-19,6.08,6.19,6.01,6.17,4.801003,4727299.0
2010-07-20,6.18,6.26,6.18,6.23,4.84769,9227151.0
2010-07-21,6.25,6.48,6.21,6.39,4.97219,14678792.0
2010-07-22,6.32,6.39,6.28,6.37,4.956627,6882615.0
2010-07-23,6.37,6.37,6.26,6.29,4.894378,7740026.0
2010-07-26,6.29,6.34,6.24,6.31,4.90994,5520834.0
2010-07-27,6.29,6.31,6.25,6.29,4.894378,3656593.0
2010-07-28,6.33,6.46,6.27,6.38,4.964408000000001,16195181.0
2010-07-29,6.36,6.51,6.33,6.49,5.050002,15758580.0
2010-07-30,6.46,6.47,6.37,6.4,4.97997,5837444.0
2010-08-02,6.43,6.48,6.35,6.44,5.011096,7095850.0
2010-08-03,6.45,6.45,6.28,6.29,4.894378,9563365.0
2010-08-04,6.25,6.36,6.25,6.33,4.925503,5237741.0
2010-08-05,6.34,6.34,6.21,6.25,4.863253,5171483.0
2010-08-06,6.25,6.35,6.22,6.35,4.941065,5898341.0
2010-08-09,6.35,6.38,6.3,6.35,4.941065,7419481.0
2010-08-10,6.34,6.35,6.19,6.2,4.824347,5985789.0
2010-08-11,6.16,6.25,6.15,6.16,4.793222,3754121.0
2010-08-12,6.13,6.22,6.12,6.12,4.762097,4935520.0
2010-08-13,6.13,6.2,6.1,6.19,4.816566000000001,6594811.0
2010-08-16,6.2,6.32,6.16,6.28,4.886596,9802478.0
2010-08-17,6.26,6.32,6.25,6.3,4.902158999999999,6426922.0
2010-08-18,6.37,6.43,6.3,6.33,4.925503,10373801.0
2010-08-19,6.31,6.42,6.3,6.38,4.964408000000001,11333609.0
2010-08-20,6.39,6.47,6.31,6.33,4.925503,10696929.0
2010-08-23,6.33,6.33,6.21,6.24,4.855472,5347959.0
2010-08-24,6.23,6.3,6.15,6.23,4.84769,5827928.0
2010-08-25,6.2,6.25,5.99,6.07,4.723191,6449819.0
2010-08-26,6.07,6.16,6.05,6.09,4.738753,3070518.0
2010-08-27,6.09,6.13,6.06,6.12,4.762097,3176435.0
2010-08-30,6.1,6.2,6.1,6.16,4.793222,4287987.0
2010-08-31,6.14,6.16,6.06,6.09,4.738753,4617167.0
2010-09-01,6.08,6.15,6.0,6.03,4.6920660000000005,5437189.0
2010-09-02,6.06,6.09,6.02,6.07,4.723191,4275012.0
2010-09-03,6.08,6.09,6.0,6.04,4.699848,5300771.0
2010-09-06,6.08,6.17,6.06,6.16,4.793222,6991199.0
2010-09-07,6.17,6.19,6.11,6.16,4.793222,4500931.0
2010-09-08,6.16,6.17,6.1,6.13,4.769878,4072144.0
2010-09-09,6.14,6.14,6.05,6.07,4.723191,5191088.0
2010-09-10,6.07,6.07,6.07,6.07,4.723191,0.0
2010-09-13,6.05,6.09,6.02,6.08,4.730972,4072543.0
2010-09-14,6.07,6.28,6.02,6.18,4.808783999999999,9407449.0
2010-09-15,6.15,6.18,6.08,6.09,4.738753,4845786.0
2010-09-16,6.09,6.14,6.0,6.05,4.707629,5190196.0
2010-09-17,6.2,6.5,6.19,6.35,4.941065,27175667.0
2010-09-20,6.34,6.34,6.14,6.19,4.816566000000001,9041106.0
2010-09-21,6.19,6.22,6.08,6.12,4.762097,4465626.0
2010-09-27,6.12,6.16,6.06,6.13,4.769878,5405737.0
2010-09-28,6.1,6.12,6.05,6.06,4.715409999999999,4932691.0
2010-09-29,6.08,6.13,6.05,6.06,4.715409999999999,4433712.0
2010-09-30,6.06,6.17,6.05,6.14,4.777659,4626204.0
2010-10-08,6.14,6.24,6.13,6.21,4.832128,8407418.0
2010-10-11,6.35,6.44,6.3,6.42,4.995533,19767884.0
2010-10-12,6.41,6.56,6.33,6.48,5.042221,17839961.0
2010-10-13,6.47,6.49,6.4,6.44,5.011096,11321184.0
2010-10-14,6.46,6.55,6.4,6.49,5.050002,19877386.0
2010-10-15,6.5,6.75,6.46,6.71,5.221188,30333171.0
2010-10-18,6.75,7.12,6.69,6.82,5.306781,36981372.0
2010-10-19,6.79,6.82,6.65,6.79,5.283437,18536167.0
2010-10-20,6.64,6.69,6.54,6.59,5.127814,18031674.0
2010-10-21,6.59,6.69,6.56,6.63,5.158938,10754535.0
2010-10-22,6.63,6.66,6.52,6.53,5.081126,8516826.0
2010-10-25,6.55,6.59,6.47,6.58,5.120033,13559818.0
2010-10-26,6.59,6.6,6.45,6.47,5.03444,15992581.0
2010-10-27,6.47,6.55,6.43,6.44,5.011096,11981624.0
2010-10-28,6.44,6.49,6.37,6.4,4.97997,9561481.0
2010-10-29,6.44,6.49,6.37,6.44,5.011096,9191109.0
2010-11-01,6.46,6.53,6.44,6.52,5.073345,15099968.0
2010-11-02,6.52,6.54,6.39,6.43,5.003314,18969389.0
2010-11-03,6.45,6.45,6.34,6.35,4.941065,13310327.0
2010-11-04,6.33,6.41,6.31,6.39,4.97219,9685835.0
2010-11-05,6.43,6.45,6.38,6.43,5.003314,10689999.0
2010-11-08,6.46,6.54,6.42,6.54,5.088907,16104692.0
2010-11-09,6.55,6.56,6.45,6.48,5.042221,11838201.0
2010-11-10,6.48,6.49,6.35,6.38,4.964408000000001,11297565.0
2010-11-11,6.38,6.52,6.35,6.48,5.042221,17253837.0
2010-11-12,6.46,6.48,6.11,6.12,4.762097,17416924.0
2010-11-15,6.14,6.23,6.1,6.16,4.793222,7976932.0
2010-11-16,6.12,6.18,6.0,6.02,4.684285,11310380.0
2010-11-17,6.01,6.09,5.95,6.01,4.676504,8421983.0
2010-11-18,6.04,6.08,5.98,6.02,4.684285,5697583.0
2010-11-19,6.03,6.1,5.88,6.09,4.738753,13190892.0
2010-11-22,6.06,6.15,5.98,6.01,4.676504,11688759.0
2010-11-23,6.01,6.01,5.87,5.92,4.606473,9351337.0
2010-11-24,5.92,6.01,5.91,5.97,4.645379,7023584.0
2010-11-25,5.99,6.02,5.91,6.02,4.684285,9771188.0
2010-11-26,6.01,6.01,5.93,5.94,4.6220360000000005,6838716.0
2010-11-29,5.94,5.99,5.9,5.93,4.614254,9371233.0
2010-11-30,5.93,5.94,5.75,5.82,4.5286610000000005,10285844.0
2010-12-01,5.81,6.0,5.81,5.98,4.65316,8978646.0
2010-12-02,6.16,6.3,6.08,6.18,4.808783999999999,23904057.0
2010-12-03,6.12,6.22,6.01,6.2,4.824347,12406112.0
2010-12-06,6.18,6.35,6.11,6.32,4.917721,19063008.0
2010-12-07,6.3,6.31,6.16,6.26,4.871034,9144148.0
2010-12-08,6.22,6.25,6.11,6.2,4.824347,8173440.0
2010-12-09,6.18,6.19,6.1,6.1,4.746535,4768306.0
2010-12-10,6.08,6.21,6.01,6.2,4.824347,9051519.0
2010-12-13,6.18,6.24,6.12,6.2,4.824347,8588268.0
2010-12-14,6.22,6.25,6.15,6.2,4.824347,13667435.0
2010-12-15,6.2,6.21,6.11,6.17,4.801003,12474765.0
2010-12-16,6.17,6.3,6.12,6.17,4.801003,11676903.0
2010-12-17,6.17,6.26,6.07,6.18,4.808783999999999,14190882.0
2010-12-20,6.18,6.18,5.9,5.95,4.629817,14248648.0
2010-12-21,5.95,6.1,5.93,6.02,4.684285,9317548.0
2010-12-22,6.01,6.05,5.94,5.95,4.629817,5871768.0
2010-12-23,5.97,5.99,5.82,5.87,4.5675669999999995,10919272.0
2010-12-24,5.82,5.89,5.75,5.85,4.552004,7022477.0
2010-12-27,5.81,5.88,5.75,5.76,4.481974,11488548.0
2010-12-28,5.78,5.83,5.67,5.68,4.4197239999999995,6645401.0
2010-12-29,5.69,5.73,5.52,5.6,4.357475,8534688.0
2010-12-30,5.58,5.72,5.46,5.58,4.341912000000001,16094542.0
2010-12-31,5.53,5.81,5.49,5.76,4.481974,37682267.0
2011-01-04,5.67,5.7,5.51,5.64,4.388599,30611458.0
2011-01-05,5.59,5.6,5.54,5.57,4.334131,14021015.0
2011-01-06,5.57,5.6,5.54,5.56,4.32635,11262293.0
2011-01-07,5.55,5.59,5.49,5.55,4.318569,13941570.0
2011-01-10,5.54,5.56,5.45,5.46,4.248538,12368607.0
2011-01-11,5.46,5.48,5.42,5.45,4.240757,9116905.0
2011-01-12,5.45,5.49,5.45,5.48,4.2641,9117817.0
2011-01-13,5.49,5.5,5.45,5.45,4.240757,7829416.0
2011-01-14,5.46,5.47,5.39,5.4,4.20185,8994809.0
2011-01-17,5.4,5.4,5.2,5.21,4.0540080000000005,10096060.0
2011-01-18,5.21,5.24,5.2,5.2,4.046227,6168537.0
2011-01-19,5.21,5.28,5.21,5.27,4.100695,7406657.0
2011-01-20,5.29,5.43,5.26,5.27,4.100695,14908869.0
2011-01-21,5.27,5.36,5.25,5.34,4.155163,8990314.0
2011-01-24,5.38,5.38,5.3,5.33,4.147382,5443987.0
2011-01-25,5.33,5.34,5.28,5.32,4.139601,3848128.0
2011-01-26,5.32,5.45,5.3,5.38,4.186287999999999,8090590.0
2011-01-27,5.35,5.42,5.29,5.4,4.20185,10608866.0
2011-01-28,5.39,5.39,5.34,5.36,4.170725,4583304.0
2011-01-31,5.35,5.39,5.33,5.39,4.194069,6068371.0
2011-02-01,5.39,5.39,5.35,5.38,4.186287999999999,3562235.0
2011-02-09,5.35,5.37,5.3,5.32,4.139601,4437100.0
2011-02-10,5.32,5.38,5.29,5.37,4.178507,6103716.0
2011-02-11,5.36,5.46,5.34,5.45,4.240757,11132616.0
2011-02-14,5.43,5.57,5.41,5.55,4.318569,16752878.0
2011-02-15,5.55,5.59,5.51,5.54,4.310787,15638411.0
2011-02-16,5.54,5.55,5.47,5.55,4.318569,10665569.0
2011-02-17,5.55,5.57,5.49,5.54,4.310787,10075208.0
2011-02-18,5.54,5.57,5.47,5.49,4.271882,9982837.0
2011-02-21,5.48,5.57,5.46,5.56,4.32635,11172147.0
2011-02-22,5.55,5.56,5.46,5.49,4.271882,12954119.0
2011-02-23,5.49,5.53,5.47,5.51,4.287443,7514691.0
2011-02-24,5.5,5.55,5.47,5.54,4.310787,7724250.0
2011-02-25,5.55,5.55,5.47,5.53,4.303006,5616229.0
2011-02-28,5.52,5.56,5.5,5.56,4.32635,7354375.0
2011-03-01,5.56,5.64,5.53,5.61,4.365255,12573346.0
2011-03-02,5.57,5.64,5.53,5.6,4.357475,13132610.0
2011-03-03,5.63,5.64,5.55,5.56,4.32635,9084179.0
2011-03-04,5.57,5.61,5.55,5.61,4.365255,8749966.0
2011-03-07,5.61,5.68,5.61,5.68,4.4197239999999995,15616187.0
2011-03-08,5.69,5.69,5.61,5.67,4.411943,10735617.0
2011-03-09,5.67,5.67,5.62,5.64,4.388599,9975921.0
2011-03-10,,,,,,
2011-03-11,5.58,5.58,5.49,5.52,4.295225,12314559.0
2011-03-14,5.5,5.53,5.46,5.51,4.287443,7463086.0
2011-03-15,5.5,5.5,5.33,5.41,4.209632,9549213.0
2011-03-16,5.4,5.45,5.38,5.42,4.217413,7906585.0
2011-03-17,5.4,5.62,5.36,5.48,4.2641,18947419.0
2011-03-18,5.44,5.49,5.38,5.44,4.232975,11008898.0
2011-03-21,5.46,5.47,5.4,5.41,4.209632,5994711.0
2011-03-22,5.4,5.43,5.39,5.43,4.225194,8825344.0
2011-03-23,5.43,5.57,5.41,5.57,4.334131,16434239.0
2011-03-24,5.57,5.62,5.52,5.52,4.295225,7733970.0
2011-03-25,5.53,5.58,5.48,5.54,4.310787,8796506.0
2011-03-28,5.55,5.63,5.55,5.62,4.373037,13970176.0
2011-03-29,5.61,5.75,5.6,5.65,4.396380000000001,24807681.0
2011-03-30,5.66,5.68,5.57,5.6,4.357475,12233176.0
2011-03-31,5.62,5.65,5.5,5.53,4.303006,7964634.0
2011-04-01,5.5,5.55,5.47,5.54,4.310787,13602541.0
2011-04-06,5.53,5.65,5.48,5.61,4.365255,14638900.0
2011-04-07,5.6,5.61,5.55,5.59,4.349693,7683522.0
2011-04-08,5.59,5.65,5.57,5.64,4.388599,10592656.0
2011-04-11,5.6,5.74,5.6,5.69,4.427505,21744389.0
2011-04-12,5.67,6.26,5.66,6.1,4.746535,80051156.0
2011-04-13,6.02,6.08,5.92,5.98,4.65316,25268641.0
2011-04-14,5.98,6.09,5.91,5.99,4.6609419999999995,23018292.0
2011-04-15,6.0,6.06,5.78,5.95,4.629817,19165993.0
2011-04-18,5.93,6.07,5.86,5.91,4.598692,21265032.0
2011-04-19,5.89,5.89,5.65,5.83,4.536442,27802942.0
2011-04-20,5.77,5.85,5.75,5.8,4.5130989999999995,14043915.0
2011-04-21,5.83,5.85,5.76,5.85,4.552004,6711814.0
2011-04-22,5.86,6.03,5.79,5.94,4.6220360000000005,22370552.0
2011-04-25,6.0,6.02,5.9,5.9,4.59091,16819433.0
2011-04-26,5.9,5.9,5.71,5.72,4.450849,8351767.0
2011-04-27,5.73,5.84,5.7,5.82,4.5286610000000005,10548701.0
2011-04-28,5.82,5.92,5.71,5.73,4.458631,9750586.0
2011-04-29,5.74,6.14,5.73,6.09,4.738753,34460915.0
2011-05-03,6.08,6.44,6.02,6.34,4.933283,41368581.0
2011-05-04,6.32,6.4,6.12,6.33,4.925503,31802486.0
2011-05-05,6.28,6.42,6.18,6.29,4.894378,26793386.0
2011-05-06,6.22,6.56,6.17,6.47,5.03444,28885719.0
2011-05-09,6.51,6.83,6.47,6.79,5.283437,50732551.0
2011-05-10,6.8,6.85,6.56,6.71,5.221188,31593702.0
2011-05-11,6.67,6.68,6.44,6.58,5.120033,17540272.0
2011-05-12,6.5,6.65,6.44,6.52,5.073345,19348942.0
2011-05-13,6.47,6.57,6.22,6.34,4.933283,24038203.0
2011-05-16,6.35,6.43,6.29,6.32,4.917721,15884500.0
2011-05-17,,,,,,
2011-05-18,6.2,6.44,6.19,6.4,4.97997,15466578.0
2011-05-19,6.41,6.42,6.2,6.23,4.84769,15171527.0
2011-05-20,6.23,6.27,6.07,6.1,4.746535,13856473.0
2011-05-23,6.1,6.18,5.9,5.92,4.606473,14139195.0
2011-05-24,5.92,5.96,5.86,5.95,4.629817,7281870.0
2011-05-25,5.95,5.96,5.8,5.83,4.536442,7374722.0
2011-05-26,5.85,5.99,5.7,5.73,4.458631,11333443.0
2011-05-27,5.71,5.74,5.52,5.54,4.310787,9008209.0
2011-05-30,5.52,5.62,5.45,5.53,4.303006,7067742.0
2011-05-31,5.64,5.68,5.57,5.64,4.388599,12849022.0
2011-06-01,5.63,5.65,5.57,5.61,4.365255,3871377.0
2011-06-02,5.56,5.59,5.42,5.56,4.32635,16778901.0
2011-06-03,5.56,5.69,5.53,5.65,4.396380000000001,10933577.0
2011-06-07,5.65,5.67,5.6,5.64,4.388599,5531457.0
2011-06-08,5.65,5.65,5.5,5.62,4.373037,5974837.0
2011-06-09,5.6,5.6,5.45,5.46,4.248538,5894331.0
2011-06-10,5.45,5.83,5.45,5.8,4.5130989999999995,16781058.0
2011-06-13,5.74,5.74,5.58,5.63,4.380818,5772628.0
2011-06-14,5.63,5.68,5.59,5.64,4.388599,5715964.0
2011-06-15,5.63,5.63,5.48,5.55,4.318569,14016718.0
2011-06-16,5.5,5.5,5.31,5.35,4.162944,10111907.0
2011-06-17,5.36,5.47,5.36,5.39,4.194069,6883412.0
2011-06-20,5.39,5.4,5.3,5.34,4.155163,3861951.0
2011-06-21,5.34,5.41,5.32,5.38,4.186287999999999,4049743.0
2011-06-22,5.4,5.42,5.32,5.36,4.170725,5219902.0
2011-06-23,5.18,5.18,5.08,5.16,4.170725,5280008.0
2011-06-24,5.15,5.31,5.08,5.28,4.2677190000000005,15128750.0
2011-06-27,5.25,5.32,5.23,5.3,4.283885,6486117.0
2011-06-28,5.28,5.29,5.23,5.28,4.2677190000000005,4557610.0
2011-06-29,5.29,5.3,5.17,5.23,4.227305,7088869.0
2011-06-30,5.23,5.29,5.18,5.28,4.2677190000000005,8714638.0
2011-07-01,5.27,5.28,5.23,5.25,4.2434709999999995,7540624.0
2011-07-04,5.26,5.39,5.25,5.35,4.324299,11578065.0
2011-07-05,5.37,5.38,5.31,5.37,4.340465,5211109.0
2011-07-06,5.37,5.54,5.33,5.51,4.453624,15895726.0
2011-07-07,5.51,5.51,5.41,5.45,4.405126999999999,8257237.0
2011-07-08,5.45,5.45,5.34,5.37,4.340465,5783726.0
2011-07-11,5.34,5.41,5.33,5.37,4.340465,4950839.0
2011-07-12,5.35,5.36,5.26,5.27,4.259636,4019194.0
2011-07-13,5.23,5.31,5.23,5.31,4.291967,6279559.0
2011-07-14,5.31,5.31,5.25,5.28,4.2677190000000005,6881955.0
2011-07-15,5.28,5.3,5.24,5.28,4.2677190000000005,6273832.0
2011-07-18,5.28,5.37,5.27,5.36,4.332382,7911015.0
2011-07-19,5.34,5.34,5.24,5.27,4.259636,7354006.0
2011-07-20,5.29,5.3,5.19,5.23,4.227305,8306985.0
2011-07-21,5.22,5.23,5.18,5.2,4.203057,4100445.0
2011-07-22,5.21,5.22,5.16,5.2,4.203057,2929291.0
2011-07-25,5.2,5.2,5.0,5.02,4.057567,7828428.0
2011-07-26,5.02,5.05,4.9,4.98,4.0252349999999995,8323617.0
2011-07-27,4.98,5.01,4.93,5.0,4.0414010000000005,5332736.0
2011-07-28,4.97,5.03,4.94,4.97,4.0171529999999995,2867461.0
2011-07-29,5.0,5.0,4.92,4.97,4.0171529999999995,3410557.0
2011-08-01,4.97,5.03,4.96,5.0,4.0414010000000005,2424710.0
2011-08-02,5.0,5.02,4.93,4.97,4.0171529999999995,2733678.0
2011-08-03,4.96,5.01,4.92,4.98,4.0252349999999995,3788545.0
2011-08-04,4.98,5.01,4.93,4.94,3.9929040000000002,8078486.0
2011-08-05,4.88,4.88,4.75,4.82,3.895911,8769815.0
2011-08-08,4.8,4.81,4.47,4.57,3.6938410000000004,8233161.0
2011-08-09,4.45,4.52,4.35,4.48,3.6210949999999995,11442644.0
2011-08-10,4.52,4.57,4.48,4.49,3.629178,5714569.0
2011-08-11,4.39,4.51,4.36,4.51,3.645344,3949333.0
2011-08-12,4.55,4.63,4.52,4.55,3.677675,5212869.0
2011-08-15,4.58,4.6,4.5,4.56,3.685757,5646465.0
2011-08-16,4.57,4.6,4.53,4.55,3.677675,3842559.0
2011-08-17,4.52,4.56,4.51,4.52,3.6534269999999998,2492061.0
2011-08-18,4.52,4.53,4.42,4.42,3.572599,3309099.0
2011-08-19,4.37,4.38,4.31,4.38,3.5402669999999996,2784401.0
2011-08-22,4.36,4.46,4.36,4.41,3.5645160000000002,3567278.0
2011-08-23,4.41,4.61,4.4,4.6,3.718089,9349327.0
2011-08-24,4.62,4.63,4.5,4.52,3.6534269999999998,4514336.0
2011-08-25,4.53,4.62,4.46,4.61,3.726171,5958172.0
2011-08-26,4.58,4.6,4.55,4.57,3.6938410000000004,3468920.0
2011-08-29,4.56,4.56,4.5,4.53,3.6615089999999997,2679300.0
2011-08-30,4.55,4.59,4.5,4.51,3.645344,2213300.0
2011-08-31,4.51,4.56,4.46,4.53,3.6615089999999997,1824468.0
2011-09-01,4.53,4.56,4.49,4.51,3.645344,1364098.0
2011-09-02,4.53,4.54,4.44,4.48,3.6210949999999995,1329941.0
2011-09-05,4.46,4.46,4.36,4.38,3.5402669999999996,2013799.0
2011-09-06,4.35,4.4,4.3,4.35,3.5160190000000004,2271700.0
2011-09-07,4.36,4.42,4.36,4.41,3.5645160000000002,1482467.0
2011-09-08,4.42,4.44,4.38,4.4,3.556433,1621768.0
2011-09-09,4.38,4.44,4.38,4.41,3.5645160000000002,1620970.0
2011-09-13,4.38,4.38,4.31,4.38,3.5402669999999996,1551446.0
2011-09-14,4.38,4.41,4.33,4.41,3.5645160000000002,1322601.0
2011-09-15,4.41,4.44,4.4,4.4,3.556433,2316189.0
2011-09-16,4.42,4.47,4.42,4.44,3.588764,2402573.0
2011-09-19,4.43,4.43,4.31,4.35,3.5160190000000004,2156837.0
2011-09-20,4.34,4.37,4.28,4.34,3.507936,1455144.0
2011-09-21,4.35,4.47,4.32,4.45,3.596847,2804006.0
2011-09-22,4.43,4.43,4.35,4.39,3.54835,1564186.0
2011-09-23,4.31,4.37,4.3,4.35,3.5160190000000004,1860712.0
2011-09-26,4.34,4.38,4.28,4.3,3.4756050000000003,1789849.0
2011-09-27,,,,,,
2011-09-28,4.33,4.37,4.28,4.29,3.467522,1339324.0
2011-09-29,4.28,4.3,4.2,4.21,3.402859,2121749.0
2011-09-30,4.23,4.24,4.17,4.21,3.402859,1463422.0
2011-10-10,4.21,4.25,4.17,4.19,3.3866940000000003,1547680.0
2011-10-11,4.3,4.31,4.18,4.19,3.3866940000000003,2701097.0
2011-10-12,4.2,4.3,4.16,4.29,3.467522,3450931.0
2011-10-13,4.28,4.36,4.26,4.33,3.499853,7241381.0
2011-10-14,4.3,4.33,4.28,4.31,3.483688,2590884.0
2011-10-17,4.33,4.34,4.29,4.29,3.467522,1439154.0
2011-10-18,4.28,4.28,4.18,4.19,3.3866940000000003,1781263.0
2011-10-19,4.19,4.23,4.16,4.17,3.370529,1939971.0
2011-10-20,4.17,4.17,4.03,4.06,3.281617,3519544.0
2011-10-21,4.06,4.1,4.06,4.08,3.2977830000000004,2314650.0
2011-10-24,4.01,4.17,4.01,4.14,3.34628,3234563.0
2011-10-25,4.13,4.26,4.12,4.22,3.410943,6754127.0
2011-10-26,4.21,4.38,4.18,4.31,3.483688,7168883.0
2011-10-27,4.32,4.7,4.32,4.5,3.637261,14261956.0
2011-10-28,4.5,4.59,4.5,4.52,3.6534269999999998,7713344.0
2011-10-31,4.52,4.82,4.45,4.77,3.855496,18146808.0
2011-11-01,4.7,4.91,4.67,4.76,3.8474129999999995,14004664.0
2011-11-02,4.7,4.86,4.68,4.82,3.895911,8601001.0
2011-11-03,4.81,4.84,4.74,4.75,3.8393309999999996,8713005.0
2011-11-04,4.73,4.86,4.7,4.81,3.8878269999999997,6666631.0
2011-11-07,4.74,4.88,4.74,4.82,3.895911,4766820.0
2011-11-08,4.81,5.05,4.8,5.0,4.0414010000000005,13869145.0
2011-11-09,5.02,5.05,4.86,4.97,4.0171529999999995,5028862.0
2011-11-10,4.95,4.95,4.83,4.94,3.9929040000000002,6384997.0
2011-11-11,4.87,5.04,4.86,4.99,4.033318,7796268.0
2011-11-14,5.01,5.16,5.01,5.08,4.106063,10707645.0
2011-11-15,5.09,5.21,5.07,5.15,4.162643,8087548.0
2011-11-16,5.15,5.15,4.85,4.89,3.952491,10035362.0
2011-11-17,4.85,5.01,4.85,4.92,3.976739,7027240.0
2011-11-18,4.92,4.92,4.72,4.79,3.871662,5769070.0
2011-11-21,4.79,4.89,4.58,4.6,3.718089,12268810.0
2011-11-22,4.6,4.9,4.6,4.83,3.903993,11542572.0
2011-11-23,4.79,5.03,4.79,4.97,4.0171529999999995,10140352.0
2011-11-24,4.96,5.03,4.82,4.99,4.033318,8376058.0
2011-11-25,4.99,5.04,4.76,4.84,3.9120760000000003,8357866.0
2011-11-28,4.86,4.92,4.73,4.86,3.9282410000000003,4081178.0
2011-11-29,4.86,5.02,4.83,4.97,4.0171529999999995,5733488.0
2011-11-30,5.0,5.0,4.72,4.84,3.9120760000000003,5665621.0
2011-12-01,5.0,5.03,4.59,4.76,3.8474129999999995,27545321.0
2011-12-02,4.69,4.69,4.43,4.48,3.6210949999999995,10700765.0
2011-12-05,4.45,4.48,4.24,4.28,3.459439,12194692.0
2011-12-06,4.25,4.34,4.16,4.3,3.4756050000000003,9431786.0
2011-12-07,4.31,4.31,4.25,4.3,3.4756050000000003,5324543.0
2011-12-08,4.29,4.32,4.23,4.3,3.4756050000000003,5931060.0
2011-12-09,4.28,4.47,4.22,4.41,3.5645160000000002,8603394.0
2011-12-12,4.42,4.62,4.37,4.58,3.7019230000000003,10454779.0
2011-12-13,4.58,4.59,4.47,4.56,3.685757,3771954.0
2011-12-14,4.51,5.0,4.48,4.8,3.8797449999999998,13384383.0
2011-12-15,4.73,5.1,4.72,5.03,4.065649,30120933.0
2011-12-16,5.0,5.03,4.89,5.0,4.0414010000000005,13134222.0
2011-12-19,4.95,5.11,4.91,5.04,4.073732,14438874.0
2011-12-20,5.03,5.11,4.95,5.06,4.089897000000001,14001816.0
2011-12-21,5.02,5.12,5.02,5.1,4.122229,10697893.0
2011-12-22,5.08,5.17,4.81,5.04,4.073732,10621056.0
2011-12-23,4.98,5.35,4.98,5.3,4.283885,42565132.0
2011-12-26,5.29,5.69,5.23,5.27,4.259636,27090533.0
2011-12-27,5.28,5.3,5.12,5.16,4.170725,9046732.0
2011-12-28,5.13,5.19,4.98,5.17,4.178808999999999,9582536.0
2011-12-29,5.17,5.42,5.12,5.28,4.2677190000000005,22514121.0
2011-12-30,5.25,5.42,5.25,5.35,4.324299,23341252.0
2012-01-04,5.25,5.45,5.25,5.36,4.332382,31553184.0
2012-01-05,5.35,5.41,5.23,5.25,4.2434709999999995,10441719.0
2012-01-06,5.2,5.42,5.19,5.32,4.300051,17073106.0
2012-01-09,5.33,5.53,5.28,5.44,4.397044,26043496.0
2012-01-10,5.44,5.51,5.37,5.49,4.437458,16498604.0
2012-01-11,5.47,5.52,5.32,5.39,4.35663,15066380.0
2012-01-12,5.37,5.49,5.37,5.37,4.340465,10374107.0
2012-01-13,5.38,5.42,5.17,5.34,4.316216000000001,6727936.0
2012-01-16,5.3,5.36,5.21,5.22,4.219223,5473539.0
2012-01-17,5.19,5.73,5.19,5.49,4.437458,6637085.0
2012-01-18,5.48,5.54,5.28,5.31,4.291967,4846416.0
2012-01-19,5.31,5.5,5.28,5.36,4.332382,3910993.0
2012-01-20,5.34,5.48,5.34,5.43,4.388961,3986664.0
2012-01-30,5.43,5.53,5.33,5.37,4.340465,12101070.0
2012-01-31,5.31,5.62,5.29,5.5,4.445541,19936068.0
2012-02-01,5.49,5.6,5.45,5.5,4.445541,18931409.0
2012-02-02,5.48,5.55,5.43,5.54,4.4778720000000005,6838413.0
2012-02-03,5.54,5.54,5.47,5.52,4.461707,6069380.0
2012-02-06,5.52,5.57,5.42,5.46,4.413208999999999,11823222.0
2012-02-07,5.41,5.45,5.36,5.39,4.35663,3965233.0
2012-02-08,5.36,5.53,5.35,5.49,4.437458,6034694.0
2012-02-09,5.5,5.52,5.46,5.51,4.453624,2730772.0
2012-02-10,5.5,5.51,5.38,5.43,4.388961,10945622.0
2012-02-13,5.42,5.5,5.32,5.45,4.405126999999999,8926062.0
2012-02-14,5.43,5.43,5.37,5.38,4.348547,7512313.0
2012-02-15,5.35,5.41,5.31,5.38,4.348547,6689503.0
2012-02-16,5.38,5.62,5.31,5.5,4.445541,21547896.0
2012-02-17,5.5,5.54,5.4,5.47,4.421292,8103305.0
2012-02-20,5.46,5.49,5.38,5.4,4.364713,4105541.0
2012-02-21,5.4,5.4,5.4,5.4,4.364713,0.0
2012-02-22,5.4,5.45,5.31,5.42,4.380878,6093487.0
2012-02-23,5.42,5.42,5.33,5.35,4.324299,6950075.0
2012-02-24,5.34,5.4,5.34,5.38,4.348547,5383203.0
2012-02-27,5.38,5.5,5.38,5.44,4.397044,16313692.0
2012-02-28,5.43,5.5,5.39,5.49,4.437458,8276005.0
2012-02-29,5.48,5.5,5.41,5.47,4.421292,6481004.0
2012-03-01,5.44,5.52,5.43,5.51,4.453624,20081747.0
2012-03-02,5.52,5.53,5.44,5.5,4.445541,11530910.0
2012-03-05,5.52,5.54,5.26,5.3,4.283885,36274360.0
2012-03-06,5.29,5.32,5.24,5.26,4.2515540000000005,7934124.0
2012-03-07,5.22,5.29,5.17,5.21,4.211139,13458982.0
2012-03-08,5.23,5.26,5.16,5.21,4.211139,11729987.0
2012-03-09,5.21,5.48,5.18,5.44,4.397044,21994337.0
2012-03-12,5.44,5.56,5.42,5.45,4.405126999999999,26440464.0
2012-03-13,5.42,5.51,5.42,5.5,4.445541,10849935.0
2012-03-14,5.5,5.52,5.18,5.3,4.283885,17123627.0
2012-03-15,5.3,5.34,5.21,5.31,4.291967,7210669.0
2012-03-16,5.29,5.48,5.0,5.41,4.372795,22660376.0
2012-03-19,5.37,5.42,5.25,5.41,4.372795,12092652.0
2012-03-20,5.4,5.55,5.36,5.48,4.429375,15045758.0
2012-03-21,5.47,5.48,5.18,5.26,4.2515540000000005,13841591.0
2012-03-22,5.26,5.26,5.12,5.2,4.203057,10113394.0
2012-03-23,5.18,5.2,5.12,5.17,4.178808999999999,3133035.0
2012-03-26,5.15,5.21,5.09,5.15,4.162643,3763913.0
2012-03-27,5.14,5.18,5.1,5.13,4.146477,3913215.0
2012-03-28,5.13,5.14,4.96,5.06,4.089897000000001,4876100.0
2012-03-29,5.01,5.11,5.01,5.09,4.114147,3519190.0
2012-03-30,5.06,5.14,5.06,5.1,4.122229,1501850.0
2012-04-05,5.1,5.17,5.05,5.15,4.162643,3568864.0
2012-04-06,5.13,5.16,5.1,5.15,4.162643,1898549.0
2012-04-09,5.15,5.15,5.11,5.12,4.138395,1106881.0
2012-04-10,5.12,5.12,5.05,5.11,4.130311,1534477.0
2012-04-11,5.1,5.12,5.04,5.06,4.089897000000001,2852439.0
2012-04-12,5.06,5.23,5.04,5.23,4.227305,5539815.0
2012-04-13,5.22,5.28,5.16,5.25,4.2434709999999995,2670576.0
2012-04-16,5.2,5.31,5.15,5.3,4.283885,3207030.0
2012-04-17,5.26,5.31,5.15,5.18,4.186891,3557216.0
2012-04-18,5.2,5.27,5.17,5.26,4.2515540000000005,1644056.0
2012-04-19,5.26,5.42,5.23,5.39,4.35663,7434192.0
2012-04-20,5.39,5.39,5.3,5.34,4.316216000000001,4543466.0
2012-04-23,5.34,5.43,5.32,5.35,4.324299,6532259.0
2012-04-24,5.34,5.5,5.33,5.4,4.364713,7023489.0
2012-04-25,5.46,5.53,5.42,5.47,4.421292,16192047.0
2012-04-26,5.5,5.53,5.3,5.36,4.332382,6338497.0
2012-04-27,5.34,5.35,5.2,5.3,4.283885,3388559.0
2012-05-02,5.3,5.5,5.3,5.38,4.348547,6445057.0
2012-05-03,5.36,5.5,5.36,5.47,4.421292,5094875.0
2012-05-04,5.47,5.47,5.4,5.46,4.413208999999999,4805356.0
2012-05-07,5.45,5.63,5.42,5.59,4.518287,51881519.0
2012-05-08,5.58,5.7,5.49,5.6,4.526369,27339463.0
2012-05-09,5.59,5.65,5.5,5.58,4.510203,14665200.0
2012-05-10,5.53,5.59,5.5,5.56,4.494038,2886599.0
2012-05-11,5.56,5.6,5.49,5.51,4.453624,3322221.0
2012-05-14,5.58,5.65,5.5,5.6,4.526369,20112470.0
2012-05-15,5.56,5.56,5.43,5.51,4.453624,6894396.0
2012-05-16,5.51,5.51,5.38,5.43,4.388961,6337998.0
2012-05-17,5.47,5.61,5.38,5.46,4.413208999999999,11680682.0
2012-05-18,5.43,5.56,5.43,5.52,4.461707,8564328.0
2012-05-21,5.48,5.58,5.48,5.56,4.494038,5229130.0
2012-05-22,5.57,5.65,5.53,5.6,4.526369,20469811.0
2012-05-23,5.58,5.61,5.5,5.57,4.502121,2193622.0
2012-05-24,5.57,5.6,5.49,5.49,4.437458,1873796.0
2012-05-25,5.49,5.59,5.47,5.57,4.502121,3181881.0
2012-05-28,5.57,5.6,5.45,5.54,4.4778720000000005,4547469.0
2012-05-29,5.52,5.59,5.45,5.53,4.46979,14112282.0
2012-05-30,5.52,5.56,5.42,5.52,4.461707,11463468.0
2012-05-31,5.47,5.52,5.42,5.45,4.405126999999999,9406096.0
2012-06-01,5.44,5.59,5.36,5.51,4.453624,12525976.0
2012-06-04,5.45,5.68,5.44,5.66,4.574865,29517785.0
2012-06-05,5.66,6.23,5.58,6.05,4.890095,36438393.0
2012-06-06,6.0,6.18,5.97,6.15,4.970923,39387565.0
2012-06-07,6.18,6.19,6.04,6.05,4.890095,55908633.0
2012-06-08,6.06,6.3,6.0,6.02,4.8658470000000005,47138113.0
2012-06-11,6.02,6.18,5.85,5.92,4.785019,27564211.0
2012-06-12,5.92,5.92,5.92,5.92,4.785019,0.0
2012-06-13,5.95,6.36,5.95,6.26,5.0598339999999995,92994786.0
2012-06-14,6.22,6.37,6.15,6.24,5.043668,75140538.0
2012-06-15,6.24,6.45,6.14,6.16,4.979005,49226549.0
2012-06-18,6.2,6.33,6.17,6.2,5.011337,40068091.0
2012-06-19,6.2,6.35,6.18,6.32,5.108331,41846902.0
2012-06-20,6.33,6.36,6.28,6.32,5.108331,22608326.0
2012-06-21,6.32,6.44,6.26,6.43,5.197241,46566028.0
2012-06-25,6.43,6.67,6.4,6.61,5.342732,54412145.0
2012-06-26,6.53,6.61,6.5,6.53,5.278069,17104680.0
2012-06-27,6.52,6.6,6.51,6.57,5.3104,26198468.0
2012-06-28,6.57,6.61,6.36,6.51,5.302256,33289444.0
2012-06-29,6.5,6.59,6.2,6.45,5.253386,56677280.0
2012-07-02,6.45,6.5,6.24,6.42,5.228953,37608079.0
2012-07-03,6.36,6.44,6.28,6.29,5.123069999999999,18924857.0
2012-07-04,6.3,6.32,6.1,6.23,5.074202,25246013.0
2012-07-05,6.15,6.3,6.15,6.21,5.057913,20402152.0
2012-07-06,6.27,6.31,6.18,6.24,5.082347,23361692.0
2012-07-09,6.24,6.8,6.23,6.64,5.408138,44659150.0
2012-07-10,6.6,6.94,6.55,6.8,5.538455,49655803.0
2012-07-11,6.78,7.02,6.6,6.82,5.554744,53793459.0
2012-07-12,6.76,6.81,6.56,6.75,5.497731,39159145.0
2012-07-13,6.71,6.77,6.67,6.76,5.505876,12567757.0
2012-07-16,6.81,7.28,6.8,6.94,5.652482,25026540.0
2012-07-17,6.9,7.19,6.9,7.07,5.758364,19621320.0
2012-07-18,7.06,7.3,7.06,7.15,5.8235220000000005,25880812.0
2012-07-19,7.1,7.12,6.95,7.03,5.725785,16296221.0
2012-07-20,7.0,7.06,6.9,6.93,5.644337,8974913.0
2012-07-23,6.91,7.01,6.7,7.0,5.701351,15143910.0
2012-07-24,7.0,7.1,6.95,6.97,5.676916,9934773.0
2012-07-25,6.95,7.0,6.95,6.97,5.676916,4245412.0
2012-07-26,6.95,7.05,6.74,6.85,5.579179,10906739.0
2012-07-27,6.85,6.92,6.56,6.84,5.571034,16982374.0
2012-07-30,6.75,6.9,6.54,6.66,5.424428,20467633.0
2012-07-31,6.63,6.8,6.6,6.74,5.489585,7661966.0
2012-08-01,6.88,7.0,6.79,6.87,5.595468,12474624.0
2012-08-02,6.87,7.1,6.87,7.0,5.701351,12190670.0
2012-08-03,7.05,7.19,7.01,7.06,5.750219,9824538.0
2012-08-06,7.09,7.12,6.88,7.03,5.725785,17642755.0
2012-08-07,7.0,7.0,6.68,6.81,5.5466,24688236.0
2012-08-08,6.75,6.82,6.71,6.79,5.53031,12443640.0
2012-08-09,6.77,6.83,6.68,6.76,5.505876,11290751.0
2012-08-10,6.76,6.93,6.72,6.75,5.497731,20310877.0
2012-08-13,6.75,6.84,6.71,6.75,5.497731,13242589.0
2012-08-14,6.76,6.95,6.74,6.74,5.489585,14807317.0
2012-08-15,6.77,6.79,6.56,6.59,5.367414,16940406.0
2012-08-16,6.55,6.66,6.53,6.59,5.367414,6673066.0
2012-08-17,6.57,6.71,6.57,6.68,5.440717,10060825.0
2012-08-20,6.6,6.75,6.5,6.71,5.4651510000000005,6839723.0
2012-08-21,6.78,6.8,6.66,6.68,5.440717,8203502.0
2012-08-22,6.66,6.83,6.6,6.82,5.554744,10780678.0
2012-08-23,6.8,6.88,6.71,6.82,5.554744,6760927.0
2012-08-24,6.76,6.85,6.71,6.71,5.4651510000000005,6388970.0
2012-08-27,6.7,6.75,6.52,6.54,5.32669,12272931.0
2012-08-28,6.5,6.58,6.35,6.36,5.180084,10737044.0
2012-08-29,6.3,6.36,6.22,6.26,5.098636,7682937.0
2012-08-30,6.05,6.44,6.05,6.32,5.147505000000001,9087410.0
2012-08-31,6.25,6.44,6.25,6.34,5.1637949999999995,3933294.0
2012-09-03,6.26,6.38,6.2,6.24,5.082347,10237854.0
2012-09-04,6.18,6.27,6.17,6.17,5.025333,6728828.0
2012-09-05,6.17,6.65,6.15,6.48,5.277821,21551931.0
2012-09-06,6.52,6.53,6.42,6.49,5.285966,5394493.0
2012-09-07,6.53,6.9,6.4,6.64,5.408138,25126983.0
2012-09-10,6.65,6.71,6.52,6.7,5.457007,10244877.0
2012-09-11,6.64,6.64,6.46,6.57,5.3511239999999995,8533339.0
2012-09-12,6.6,6.67,6.23,6.39,5.204518,10199662.0
2012-09-13,6.35,6.42,6.25,6.33,5.1556489999999995,11746100.0
2012-09-14,6.36,6.38,6.09,6.19,5.041623,18195171.0
2012-09-17,6.15,6.18,6.02,6.11,4.976464,9640368.0
2012-09-18,6.1,6.1,5.92,5.95,4.846148,9619217.0
2012-09-19,5.96,5.99,5.91,5.98,4.870582,6467962.0
2012-09-20,5.93,5.98,5.75,5.75,4.6832519999999995,8374124.0
2012-09-21,5.74,6.27,5.72,5.99,4.878727,32560457.0
2012-09-24,5.88,6.13,5.8,5.99,4.878727,11679036.0
2012-09-25,5.97,6.0,5.87,5.95,4.846148,7743081.0
2012-09-26,5.91,5.99,5.8,5.82,4.740266,6313168.0
2012-09-27,5.83,6.1,5.81,6.05,4.927596,16015341.0
2012-09-28,6.02,6.44,5.96,6.33,5.1556489999999995,29979484.0
2012-10-08,6.33,6.4,6.19,6.27,5.106781,9465558.0
2012-10-09,6.27,6.38,6.17,6.3,5.131215,20169432.0
2012-10-10,6.25,6.25,6.03,6.1,4.968319999999999,22787241.0
2012-10-11,6.05,6.12,5.99,6.1,4.968319999999999,12635549.0
2012-10-12,6.1,6.17,5.97,6.04,4.9194510000000005,11936258.0
2012-10-15,6.01,6.15,6.01,6.09,4.960175,8385959.0
2012-10-16,6.08,6.12,5.85,5.9,4.8054239999999995,19905754.0
2012-10-17,5.93,6.15,5.92,6.05,4.927596,13771310.0
2012-10-18,6.09,6.19,6.05,6.07,4.943885,14925633.0
2012-10-19,6.1,6.1,5.93,5.98,4.870582,12500550.0
2012-10-22,5.99,6.07,5.94,6.03,4.911306,6170237.0
2012-10-23,6.03,6.06,5.9,5.99,4.878727,10381753.0
2012-10-24,6.0,6.35,5.96,6.28,5.1149260000000005,31194927.0
2012-10-25,6.3,6.59,6.24,6.35,5.171939,27834477.0
2012-10-26,6.36,6.55,6.3,6.45,5.253386,22235641.0
2012-10-29,6.43,6.64,6.3,6.4,5.212664,16100201.0
2012-10-30,6.35,6.44,6.2,6.23,5.074202,17010398.0
2012-10-31,6.23,6.5,6.01,6.43,5.237097,20826895.0
2012-11-01,6.37,6.59,6.32,6.57,5.3511239999999995,14154349.0
2012-11-02,6.53,6.63,6.45,6.54,5.32669,6113570.0
2012-11-05,6.51,6.66,6.44,6.48,5.277821,11097157.0
2012-11-06,6.48,6.64,6.45,6.62,5.391849,11558530.0
2012-11-07,6.63,6.72,6.54,6.69,5.448862,6070595.0
2012-11-08,6.65,6.72,6.51,6.53,5.3185459999999996,6672638.0
2012-11-09,6.53,6.59,6.38,6.44,5.245243,5344627.0
2012-11-12,6.44,6.69,6.43,6.54,5.32669,14233814.0
2012-11-13,6.54,6.55,6.39,6.54,5.32669,8786379.0
2012-11-14,6.52,6.63,6.46,6.6,5.375558,6065957.0
2012-11-15,6.54,6.62,6.33,6.39,5.204518,10162182.0
2012-11-16,6.35,6.41,6.16,6.31,5.13936,15690728.0
2012-11-19,6.3,6.3,6.07,6.13,4.992754,12706108.0
2012-11-20,6.16,6.36,6.12,6.32,5.147505000000001,9973062.0
2012-11-21,6.33,6.5,6.29,6.43,5.237097,6469126.0
2012-11-22,6.4,6.55,6.39,6.47,5.269677,6825599.0
2012-11-23,6.55,6.6,6.43,6.58,5.359269,11831470.0
2012-11-26,6.48,6.64,6.47,6.55,5.334835,12347409.0
2012-11-27,6.49,6.62,6.38,6.49,5.285966,9872835.0
2012-11-28,6.49,6.52,6.21,6.37,5.188229,6819396.0
2012-11-29,6.36,6.49,6.2,6.41,5.220808,12761595.0
2012-11-30,6.4,6.63,6.31,6.57,5.3511239999999995,12110955.0
2012-12-03,6.56,6.78,6.54,6.69,5.448862,12464212.0
2012-12-04,6.75,6.77,6.63,6.73,5.481441,9128998.0
2012-12-05,6.75,7.4,6.63,6.85,5.579179,32893039.0
2012-12-06,6.85,7.1,6.67,7.05,5.742074,20456005.0
2012-12-07,7.02,7.28,6.87,7.02,5.717639,31035741.0
2012-12-10,7.12,7.19,6.77,6.89,5.611757,27282427.0
2012-12-11,6.81,6.86,6.65,6.85,5.579179,24510848.0
2012-12-12,6.77,6.86,6.69,6.82,5.554744,12490170.0
2012-12-13,6.74,6.89,6.73,6.83,5.562889,17974985.0
2012-12-14,6.84,7.08,6.77,7.06,5.750219,30199602.0
2012-12-17,7.05,7.13,6.69,6.71,5.4651510000000005,32136807.0
2012-12-18,6.78,6.78,6.65,6.73,5.481441,22770157.0
2012-12-19,6.7,6.71,6.51,6.65,5.416283,39835208.0
2012-12-20,6.59,6.75,6.59,6.72,5.4732959999999995,12838559.0
2012-12-21,6.74,6.78,6.42,6.55,5.334835,33528407.0
2012-12-24,6.5,6.65,6.48,6.63,5.399993,18299085.0
2012-12-25,6.62,7.02,6.59,6.87,5.595468,34384899.0
2012-12-26,6.86,6.87,6.67,6.81,5.5466,40549431.0
2012-12-27,6.77,6.83,6.67,6.75,5.497731,25084856.0
2012-12-28,6.74,6.92,6.72,6.89,5.611757,28716364.0
2012-12-31,6.88,7.18,6.88,7.14,5.815377,31058273.0
2013-01-04,7.14,7.17,6.89,6.98,5.685061,25714922.0
2013-01-07,6.97,7.05,6.94,7.01,5.709496,23415639.0
2013-01-08,7.01,7.14,6.93,7.11,5.790943,20102271.0
2013-01-09,7.11,7.11,6.75,6.85,5.579179,35467266.0
2013-01-10,6.83,6.84,6.65,6.7,5.457007,47243873.0
2013-01-11,6.7,6.7,6.5,6.55,5.334835,35455418.0
2013-01-14,6.55,6.71,6.49,6.68,5.440717,48359607.0
2013-01-15,6.64,6.67,6.54,6.62,5.391849,47810841.0
2013-01-16,6.61,6.68,6.53,6.61,5.383704,33535492.0
2013-01-17,6.61,6.67,6.57,6.58,5.359269,27934302.0
2013-01-18,6.62,6.66,6.58,6.65,5.416283,36770979.0
2013-01-21,6.65,6.66,6.35,6.39,5.204518,65883901.0
2013-01-22,6.36,6.37,6.08,6.21,5.057913,75708296.0
2013-01-23,6.18,6.27,6.14,6.27,5.106781,29756519.0
2013-01-24,6.29,6.34,6.19,6.22,5.066057,31742809.0
2013-01-25,6.23,6.31,6.22,6.28,5.1149260000000005,15261692.0
2013-01-28,6.34,6.34,6.24,6.3,5.131215,37364434.0
2013-01-29,6.3,6.32,6.19,6.32,5.147505000000001,54891572.0
2013-01-30,6.32,6.39,6.25,6.38,5.196374,41397268.0
2013-01-31,6.38,6.78,6.31,6.77,5.5140199999999995,91557248.0
2013-02-01,6.74,6.89,6.66,6.76,5.505876,54755988.0
2013-02-04,6.76,7.05,6.75,6.78,5.522165,55624542.0
2013-02-05,6.78,6.92,6.75,6.87,5.595468,41589125.0
2013-02-06,6.86,6.95,6.73,6.77,5.5140199999999995,34493476.0
2013-02-07,6.7,6.86,6.65,6.79,5.53031,29742391.0
2013-02-08,6.78,6.87,6.77,6.79,5.53031,14769112.0
2013-02-18,6.79,6.84,6.65,6.71,5.4651510000000005,18088556.0
2013-02-19,6.72,6.74,6.55,6.57,5.3511239999999995,16819716.0
2013-02-20,6.57,6.73,6.54,6.69,5.448862,24882267.0
2013-02-21,6.61,6.68,6.39,6.48,5.277821,33922654.0
2013-02-22,6.53,6.53,6.44,6.46,5.261532,11670972.0
2013-02-25,6.48,6.74,6.41,6.63,5.399993,26619094.0
2013-02-26,6.6,6.69,6.4,6.43,5.237097,26048699.0
2013-02-27,6.52,6.59,6.39,6.46,5.261532,18750250.0
2013-02-28,6.45,6.63,6.42,6.61,5.383704,23839292.0
2013-03-01,6.61,6.68,6.49,6.67,5.432572,24770259.0
2013-03-04,6.65,6.85,6.59,6.66,5.424428,55767424.0
2013-03-05,6.68,6.99,6.62,6.8,5.538455,37516960.0
2013-03-06,6.95,7.14,6.93,6.99,5.693205,41264113.0
2013-03-07,6.92,7.08,6.85,7.05,5.742074,35316711.0
2013-03-08,7.08,7.11,6.94,6.95,5.660626000000001,12787188.0
2013-03-11,6.9,6.96,6.78,6.82,5.554744,21761180.0
2013-03-12,6.84,6.99,6.69,6.8,5.538455,34605980.0
2013-03-13,6.79,6.81,6.57,6.68,5.440717,16144642.0
2013-03-14,6.52,6.7,6.51,6.66,5.424428,9568887.0
2013-03-15,6.65,6.8,6.56,6.76,5.505876,17963341.0
2013-03-18,6.76,6.94,6.67,6.89,5.611757,24227408.0
2013-03-19,6.9,7.17,6.9,7.08,5.766508999999999,35642798.0
2013-03-20,7.07,7.15,6.89,6.95,5.660626000000001,43758706.0
2013-03-21,6.96,7.02,6.89,6.92,5.636191999999999,19407140.0
2013-03-22,6.95,6.98,6.8,6.95,5.660626000000001,15810353.0
2013-03-25,6.98,6.99,6.81,6.87,5.595468,14796489.0
2013-03-26,6.81,6.86,6.69,6.82,5.554744,18199853.0
2013-03-27,6.81,6.97,6.78,6.96,5.668771,21430182.0
2013-03-28,6.91,6.98,6.71,6.79,5.53031,22241403.0
2013-03-29,6.85,6.96,6.8,6.9,5.619903,15815519.0
2013-04-01,6.83,6.86,6.72,6.78,5.522165,8849105.0
2013-04-02,6.75,6.93,6.75,6.79,5.53031,16529439.0
2013-04-03,6.82,6.88,6.73,6.8,5.538455,11701636.0
2013-04-08,6.8,6.8,6.66,6.71,5.4651510000000005,13930271.0
2013-04-09,6.77,6.79,6.65,6.7,5.457007,13824262.0
2013-04-10,6.68,6.71,6.45,6.56,5.342980000000001,31329760.0
2013-04-11,6.56,6.59,6.49,6.54,5.32669,13993442.0
2013-04-12,6.52,6.59,6.42,6.48,5.277821,20829977.0
2013-04-15,6.48,6.52,6.35,6.39,5.204518,15630146.0
2013-04-16,6.41,6.45,6.18,6.2,5.049767,35134855.0
2013-04-17,6.21,6.27,6.12,6.24,5.082347,23812711.0
2013-04-18,6.23,6.38,6.21,6.37,5.188229,17633334.0
2013-04-19,6.38,6.56,6.37,6.51,5.302256,23297016.0
2013-04-22,6.48,6.52,6.36,6.48,5.277821,27151421.0
2013-04-23,6.48,6.52,6.39,6.5,5.294111,23817740.0
2013-04-24,6.55,6.6,6.38,6.57,5.3511239999999995,31503812.0
2013-04-25,6.57,6.58,6.43,6.55,5.334835,18419383.0
2013-04-26,6.54,6.56,6.3,6.37,5.188229,17036094.0
2013-05-02,6.37,6.51,6.36,6.49,5.285966,16523606.0
2013-05-03,6.54,6.75,6.51,6.69,5.448862,27727089.0
2013-05-06,6.7,6.83,6.69,6.78,5.522165,21887381.0
2013-05-07,6.79,6.93,6.78,6.9,5.619903,21236498.0
2013-05-08,6.96,7.04,6.88,6.92,5.636191999999999,29124171.0
2013-05-09,6.92,7.04,6.9,7.01,5.709496,24088584.0
2013-05-10,6.91,7.01,6.8,6.88,5.603613,29214755.0
2013-05-13,6.86,6.91,6.75,6.79,5.53031,18531006.0
2013-05-14,6.76,6.86,6.7,6.82,5.554744,18055401.0
2013-05-15,6.79,6.9,6.76,6.87,5.595468,11138401.0
2013-05-16,6.84,7.0,6.79,6.97,5.676916,16467151.0
2013-05-17,6.97,7.24,6.96,7.17,5.839811,29344877.0
2013-05-20,7.18,7.19,7.0,7.09,5.774653,27427597.0
2013-05-21,7.0,7.07,6.8,6.9,5.619903,33060574.0
2013-05-22,6.84,6.85,6.45,6.5,5.294111,109893427.0
2013-05-23,6.51,6.55,6.46,6.48,5.277821,48553539.0
2013-05-24,6.53,6.53,6.39,6.43,5.237097,42426483.0
2013-05-27,6.42,6.47,6.37,6.45,5.253386,30743987.0
2013-05-28,6.44,6.54,6.39,6.53,5.3185459999999996,36022431.0
2013-05-29,6.54,6.59,6.48,6.56,5.342980000000001,36142887.0
2013-05-30,6.54,6.6,6.49,6.5,5.294111,25835312.0
2013-05-31,6.5,6.54,6.4,6.41,5.220808,28311760.0
2013-06-03,6.42,6.45,6.38,6.39,5.204518,25337527.0
2013-06-04,6.4,6.41,6.27,6.31,5.13936,24400889.0
2013-06-05,6.31,6.38,6.3,6.36,5.180084,12577869.0
2013-06-06,6.36,6.36,6.27,6.28,5.1149260000000005,13629993.0
2013-06-07,6.31,6.35,6.18,6.2,5.049767,20141893.0
2013-06-13,6.2,6.2,5.58,5.67,4.618094,60362546.0
2013-06-14,5.7,5.72,5.49,5.61,4.569225,41627253.0
2013-06-17,5.61,5.61,5.51,5.52,4.495922,26299613.0
2013-06-18,5.55,5.57,5.45,5.5,4.479633,24991264.0
2013-06-19,5.49,5.49,5.27,5.4,4.398184,41005373.0
2013-06-20,5.37,5.44,5.29,5.42,4.414474,34790281.0
2013-06-21,5.35,5.49,5.31,5.47,4.455198,24608279.0
2013-06-24,5.45,5.46,5.09,5.1,4.153841000000001,35038399.0
2013-06-25,5.02,5.23,4.76,5.19,4.227144,38696402.0
2013-06-26,5.15,5.19,5.01,5.09,4.145696,42996503.0
2013-06-27,5.13,5.49,5.13,5.33,4.341171,59140348.0
2013-06-28,5.33,5.48,5.27,5.34,4.349316,32456969.0
2013-07-01,5.34,5.46,5.3,5.36,4.365606,23188115.0
2013-07-02,5.37,5.44,5.33,5.43,4.422618,16518491.0
2013-07-03,5.42,5.42,5.15,5.26,4.2841569999999995,27667455.0
2013-07-04,5.04,5.23,4.9,5.16,4.377476000000001,24730676.0
2013-07-05,5.16,5.32,5.16,5.31,4.504728,19814938.0
2013-07-08,5.28,5.28,5.16,5.19,4.402926,16584047.0
2013-07-09,5.23,5.31,5.21,5.28,4.479278,11868600.0
2013-07-10,5.28,5.39,5.26,5.35,4.538661,16873804.0
2013-07-11,5.36,5.66,5.36,5.64,4.784683,38164666.0
2013-07-12,5.68,5.69,5.42,5.5,4.665914,24278344.0
2013-07-15,5.45,5.56,5.43,5.47,4.640463,22603876.0
2013-07-16,5.44,5.5,5.39,5.46,4.63198,17773055.0
2013-07-17,5.46,5.5,5.43,5.45,4.623497,12482264.0
2013-07-18,5.43,5.46,5.31,5.37,4.555629,27809695.0
2013-07-19,5.39,5.42,5.28,5.29,4.487761,17146340.0
2013-07-22,5.25,5.29,5.14,5.23,4.43686,16605267.0
2013-07-23,5.25,5.37,5.22,5.32,4.513212,17519415.0
2013-07-24,5.31,5.33,5.12,5.2,4.411409,21560399.0
2013-07-25,5.22,5.23,5.11,5.14,4.3605089999999995,18781111.0
2013-07-26,5.11,5.25,5.1,5.24,4.445343,18289064.0
2013-07-29,5.19,5.29,5.16,5.29,4.487761,18639182.0
2013-07-30,5.33,5.5,5.32,5.41,4.589563,27338438.0
2013-07-31,5.5,5.59,5.35,5.35,4.538661,30377261.0
2013-08-01,5.4,5.58,5.38,5.57,4.725299,42569645.0
2013-08-02,5.6,5.64,5.45,5.5,4.665914,27480208.0
2013-08-05,5.53,5.64,5.47,5.61,4.759233,30297156.0
2013-08-06,5.6,5.9,5.55,5.87,4.9798029999999995,54530138.0
2013-08-07,5.79,5.89,5.75,5.8,4.920419,35774235.0
2013-08-08,5.8,5.81,5.71,5.78,4.903452,25287521.0
2013-08-09,5.78,5.84,5.58,5.76,4.8864849999999995,35880628.0
2013-08-12,5.8,5.88,5.74,5.86,4.9713199999999995,33619287.0
2013-08-13,5.86,5.92,5.78,5.79,4.911935,29130277.0
2013-08-14,5.79,5.82,5.7,5.71,4.844067,18680406.0
2013-08-15,5.74,5.8,5.67,5.69,4.8271,14721709.0
2013-08-16,5.7,6.26,5.61,5.72,4.852551,38010678.0
2013-08-19,5.69,5.69,5.45,5.55,4.708332,47801818.0
2013-08-20,5.58,5.65,5.47,5.51,4.674398,30401790.0
2013-08-21,5.56,5.56,5.47,5.51,4.674398,17491387.0
2013-08-22,5.49,5.54,5.44,5.48,4.648947,15264448.0
2013-08-23,5.49,5.51,5.34,5.4,4.581079,16644548.0
2013-08-26,5.4,5.51,5.36,5.49,4.657431,21236116.0
2013-08-27,5.48,5.52,5.45,5.51,4.674398,14949510.0
2013-08-28,5.47,5.54,5.45,5.52,4.682881,20641957.0
2013-08-29,5.53,5.53,5.43,5.45,4.623497,16439712.0
2013-08-30,5.44,5.53,5.43,5.47,4.640463,20869159.0
2013-09-02,5.47,5.53,5.45,5.49,4.657431,17276228.0
2013-09-03,5.51,5.53,5.46,5.52,4.682881,19252063.0
2013-09-04,5.5,5.5,5.46,5.49,4.657431,19466090.0
2013-09-05,5.49,5.51,5.41,5.42,4.598046,18718863.0
2013-09-06,5.41,5.44,5.31,5.33,4.521694999999999,28371762.0
2013-09-09,5.34,5.47,5.3,5.45,4.623497,27980303.0
2013-09-10,5.46,5.58,5.43,5.58,4.733782,39266357.0
2013-09-11,5.59,5.75,5.55,5.7,4.835584,71360897.0
2013-09-12,5.66,5.75,5.58,5.71,4.844067,48551081.0
2013-09-13,5.67,5.7,5.57,5.61,4.759233,26999075.0
2013-09-16,5.65,5.66,5.59,5.62,4.767716,26726259.0
2013-09-17,5.62,5.62,5.48,5.49,4.657431,22075379.0
2013-09-18,5.52,5.55,5.48,5.53,4.691365,12501228.0
2013-09-23,5.53,5.64,5.53,5.62,4.767716,15532918.0
2013-09-24,5.6,5.61,5.46,5.5,4.665914,15609884.0
2013-09-25,5.49,5.53,5.45,5.49,4.657431,11722344.0
2013-09-26,5.51,5.54,5.41,5.44,4.6150139999999995,16568478.0
2013-09-27,5.41,5.44,5.34,5.37,4.555629,14136297.0
2013-09-30,5.38,5.42,5.34,5.37,4.555629,6323685.0
2013-10-08,5.37,5.5,5.34,5.49,4.657431,20467110.0
2013-10-09,5.45,5.52,5.45,5.48,4.648947,10753370.0
2013-10-10,5.47,5.5,5.36,5.44,4.6150139999999995,16495396.0
2013-10-11,5.47,5.5,5.42,5.5,4.665914,12912017.0
2013-10-14,5.51,5.53,5.46,5.49,4.657431,18049360.0
2013-10-15,5.49,5.72,5.49,5.66,4.80165,44210048.0
2013-10-16,5.64,5.75,5.63,5.67,4.810133,38522981.0
2013-10-17,5.69,5.72,5.61,5.66,4.80165,24170716.0
2013-10-18,5.63,5.73,5.62,5.71,4.844067,21694957.0
2013-10-21,5.71,5.78,5.7,5.78,4.903452,24045176.0
2013-10-22,5.79,5.91,5.78,5.89,4.9967690000000005,28832162.0
2013-10-23,5.7,5.82,5.52,5.55,4.708332,40477911.0
2013-10-24,5.53,5.61,5.49,5.5,4.665914,22713995.0
2013-10-25,5.49,5.55,5.34,5.4,4.581079,23948882.0
2013-10-28,5.42,5.45,5.35,5.45,4.623497,13857313.0
2013-10-29,5.46,5.63,5.44,5.56,4.716815,31640757.0
2013-10-30,5.6,6.05,5.56,5.85,4.962836,70484788.0
2013-10-31,5.83,5.84,5.67,5.77,4.894968,32799702.0
2013-11-01,5.8,5.83,5.73,5.79,4.911935,26083976.0
2013-11-04,5.83,5.94,5.76,5.8,4.920419,18940853.0
2013-11-05,5.75,5.81,5.7,5.78,4.903452,18849326.0
2013-11-06,5.75,5.83,5.72,5.73,4.861034,12829898.0
2013-11-07,5.72,5.8,5.68,5.76,4.8864849999999995,9033397.0
2013-11-08,5.72,5.85,5.61,5.74,4.869517,14210246.0
2013-11-11,5.7,5.74,5.63,5.69,4.8271,8940504.0
2013-11-12,5.69,5.71,5.61,5.68,4.818617,13971637.0
2013-11-13,5.61,5.65,5.43,5.52,4.682881,16827302.0
2013-11-14,5.52,5.52,5.42,5.43,4.60653,12178921.0
2013-11-15,5.43,5.54,5.43,5.47,4.640463,40327545.0
2013-11-18,5.49,5.56,5.44,5.55,4.708332,48031192.0
2013-11-19,5.55,5.57,5.51,5.54,4.699848,28317240.0
2013-11-20,5.54,5.57,5.52,5.56,4.716815,15282621.0
2013-11-21,5.54,5.54,5.49,5.54,4.699848,13004363.0
2013-11-22,5.55,5.55,5.48,5.5,4.665914,17735460.0
2013-11-25,5.46,5.49,5.39,5.43,4.60653,28987124.0
2013-11-26,5.44,5.49,5.42,5.45,4.623497,12298455.0
2013-11-27,5.46,5.52,5.44,5.49,4.657431,11572973.0
2013-11-28,5.51,5.55,5.48,5.52,4.682881,20067011.0
2013-11-29,5.52,5.53,5.48,5.5,4.665914,10286096.0
2013-12-02,5.51,5.61,5.49,5.55,4.708332,30366180.0
2013-12-03,5.57,5.69,5.54,5.64,4.784683,36677290.0
2013-12-04,5.61,5.69,5.6,5.64,4.784683,36267930.0
2013-12-05,5.64,5.65,5.59,5.61,4.759233,14886136.0
2013-12-06,5.61,5.62,5.54,5.56,4.716815,16263419.0
2013-12-09,5.59,5.59,5.53,5.54,4.699848,11640727.0
2013-12-10,5.54,5.57,5.52,5.55,4.708332,11080487.0
2013-12-11,5.52,5.54,5.4,5.43,4.60653,22682761.0
2013-12-12,5.44,5.44,5.39,5.41,4.589563,14662734.0
2013-12-13,5.38,5.39,5.34,5.36,4.547146,19883538.0
2013-12-16,5.38,5.38,5.26,5.27,4.470794000000001,21008188.0
2013-12-17,5.27,5.3,5.26,5.3,4.496244,10984141.0
2013-12-18,5.3,5.3,5.25,5.28,4.479278,9142162.0
2013-12-19,5.31,5.32,5.2,5.2,4.411409,11134303.0
2013-12-20,5.23,5.23,5.03,5.06,4.292641000000001,17060017.0
2013-12-23,5.06,5.13,5.03,5.1,4.326575,8705407.0
2013-12-24,5.12,5.16,5.05,5.09,4.318092,7349653.0
2013-12-25,5.1,5.12,5.06,5.08,4.309608,7733191.0
2013-12-26,5.06,5.09,4.93,4.97,4.21629,17164502.0
2013-12-27,5.01,5.04,4.97,5.04,4.2756739999999995,15955364.0
2013-12-30,5.04,5.06,4.99,5.0,4.24174,24811374.0
2013-12-31,4.98,5.08,4.97,5.06,4.292641000000001,12918313.0
2014-01-02,5.06,5.1,5.01,5.05,4.2841569999999995,11596205.0
2014-01-03,5.02,5.06,4.89,4.98,4.224773,14202905.0
2014-01-06,4.97,4.97,4.71,4.77,4.04662,28026439.0
2014-01-07,4.72,4.76,4.68,4.72,4.0042029999999995,21955028.0
2014-01-08,4.75,4.77,4.67,4.76,4.038137,19228630.0
2014-01-09,4.74,4.82,4.71,4.75,4.029653,18820130.0
2014-01-10,4.74,4.87,4.72,4.86,4.122972,27874154.0
2014-01-13,4.86,4.91,4.83,4.88,4.139938,12235827.0
2014-01-14,4.87,4.9,4.81,4.89,4.148422,11005978.0
2014-01-15,4.89,4.89,4.73,4.77,4.04662,16451531.0
2014-01-16,4.75,4.84,4.75,4.81,4.080554,14318651.0
2014-01-17,4.8,4.8,4.73,4.74,4.021169,11191192.0
2014-01-20,4.74,4.76,4.68,4.69,3.9787519999999996,11230893.0
2014-01-21,4.7,4.79,4.7,4.76,4.038137,10893130.0
2014-01-22,4.78,4.87,4.75,4.86,4.122972,13404230.0
2014-01-23,4.87,4.95,4.85,4.91,4.165389,17350697.0
2014-01-24,4.89,4.97,4.89,4.93,4.182355,14202836.0
2014-01-27,4.91,4.97,4.89,4.97,4.21629,15892984.0
2014-01-28,4.94,4.95,4.84,4.86,4.122972,30282640.0
2014-01-29,4.88,4.94,4.85,4.93,4.182355,11555809.0
2014-01-30,4.91,4.91,4.85,4.87,4.131455,6483709.0
2014-02-07,4.87,4.87,4.73,4.82,4.0890379999999995,18237290.0
2014-02-10,4.86,4.93,4.82,4.89,4.148422,17926654.0
2014-02-11,4.9,4.97,4.87,4.95,4.199322,20490321.0
2014-02-12,4.97,4.97,4.91,4.94,4.1908389999999995,12829642.0
2014-02-13,4.94,4.95,4.9,4.9,4.156905,17264646.0
2014-02-14,4.91,4.94,4.89,4.92,4.173872,14804797.0
2014-02-17,4.95,4.96,4.93,4.94,4.1908389999999995,14686858.0
2014-02-18,4.93,4.95,4.87,4.88,4.139938,12643360.0
2014-02-19,4.89,4.93,4.84,4.92,4.173872,15862919.0
2014-02-20,4.92,5.0,4.91,4.95,4.199322,24608758.0
2014-02-21,4.95,4.97,4.85,4.86,4.122972,14721638.0
2014-02-24,4.85,4.85,4.73,4.77,4.04662,15781981.0
2014-02-25,4.79,4.8,4.69,4.7,3.9872349999999996,18421903.0
2014-02-26,4.69,4.74,4.69,4.74,4.021169,10307458.0
2014-02-27,4.74,4.87,4.72,4.8,4.07207,26618087.0
2014-02-28,4.79,4.87,4.78,4.81,4.080554,18120936.0
2014-03-03,4.78,4.96,4.77,4.93,4.182355,30878656.0
2014-03-04,4.91,4.91,4.83,4.88,4.139938,20094558.0
2014-03-05,4.9,4.9,4.82,4.84,4.106005000000001,16576576.0
2014-03-06,4.83,4.86,4.75,4.78,4.055104,20719576.0
2014-03-07,4.77,4.81,4.73,4.75,4.029653,14652881.0
2014-03-10,4.73,4.73,4.64,4.65,3.944818,18158404.0
2014-03-11,4.65,4.67,4.6,4.63,3.9278510000000004,12193805.0
2014-03-12,4.63,4.65,4.56,4.61,3.910885,14407624.0
2014-03-13,4.61,4.71,4.61,4.7,3.9872349999999996,21046184.0
2014-03-14,4.67,4.69,4.59,4.62,3.919368,15599229.0
2014-03-17,4.67,4.7,4.63,4.68,3.970268,15308091.0
2014-03-18,4.71,4.84,4.68,4.83,4.0975209999999995,32642039.0
2014-03-19,4.84,4.86,4.78,4.83,4.0975209999999995,30205075.0
2014-03-20,4.82,4.86,4.77,4.77,4.04662,22708245.0
2014-03-21,4.75,5.0,4.75,4.97,4.21629,46493914.0
2014-03-24,4.99,5.05,4.95,5.0,4.24174,29897555.0
2014-03-25,4.99,5.16,4.94,5.09,4.318092,41783067.0
2014-03-26,5.07,5.08,4.98,4.99,4.233256,19116085.0
2014-03-27,5.0,5.04,4.97,4.98,4.224773,16861798.0
2014-03-28,4.97,5.04,4.95,4.97,4.21629,15535298.0
2014-03-31,5.01,5.08,4.96,5.04,4.2756739999999995,22859993.0
2014-04-01,5.02,5.12,5.02,5.11,4.335058999999999,19916264.0
2014-04-02,5.1,5.15,5.08,5.15,4.3689919999999995,16103220.0
2014-04-03,5.17,5.18,5.04,5.05,4.2841569999999995,15900460.0
2014-04-04,5.05,5.1,5.03,5.08,4.309608,7767110.0
2014-04-08,5.08,5.21,5.06,5.18,4.394443,22084873.0
2014-04-09,5.18,5.22,5.16,5.19,4.402926,16953127.0
2014-04-10,5.19,5.68,5.14,5.45,4.623497,89924546.0
2014-04-11,5.45,5.47,5.35,5.44,4.6150139999999995,37346513.0
2014-04-14,5.42,5.44,5.34,5.37,4.555629,16744360.0
2014-04-15,5.37,5.42,5.34,5.35,4.538661,15300260.0
2014-04-16,5.35,5.42,5.34,5.4,4.581079,12856149.0
2014-04-17,5.4,5.41,5.31,5.32,4.513212,12950139.0
2014-04-18,5.3,5.35,5.23,5.31,4.504728,10898243.0
2014-04-21,5.28,5.35,5.23,5.24,4.445343,9982519.0
2014-04-22,5.21,5.26,5.17,5.25,4.4538269999999995,13443918.0
2014-04-23,5.29,5.37,5.23,5.36,4.547146,14874061.0
2014-04-24,5.37,5.39,5.32,5.34,4.530179,11204104.0
2014-04-25,5.38,5.44,5.34,5.34,4.530179,15535910.0
2014-04-28,5.34,5.52,5.31,5.4,4.581079,28598635.0
2014-04-29,5.38,5.49,5.38,5.44,4.6150139999999995,20781596.0
2014-04-30,5.44,5.5,5.36,5.41,4.589563,17319922.0
2014-05-05,5.41,5.41,5.27,5.34,4.530179,13246030.0
2014-05-06,5.34,5.46,5.33,5.39,4.572596,13182610.0
2014-05-07,5.38,5.45,5.34,5.39,4.572596,12341205.0
2014-05-08,5.38,5.45,5.35,5.36,4.547146,15239172.0
2014-05-09,5.39,5.39,5.21,5.27,4.470794000000001,18525779.0
2014-05-12,5.29,5.38,5.26,5.34,4.530179,11531519.0
2014-05-13,5.31,5.37,5.3,5.37,4.555629,12553476.0
2014-05-14,5.35,5.45,5.35,5.41,4.589563,14194577.0
2014-05-15,5.41,5.44,5.34,5.38,4.564113,10725165.0
2014-05-16,5.4,5.48,5.37,5.48,4.648947,15353392.0
2014-05-19,5.47,5.62,5.43,5.59,4.742265,30268204.0
2014-05-20,5.6,5.61,5.49,5.53,4.691365,12892240.0
2014-05-21,5.49,5.6,5.45,5.57,4.725299,10307428.0
2014-05-22,5.56,5.65,5.56,5.58,4.733782,17710608.0
2014-05-23,5.6,5.64,5.56,5.6,4.750749,9702749.0
2014-05-26,5.64,5.65,5.55,5.6,4.750749,12625943.0
2014-05-27,5.58,5.6,5.56,5.56,4.716815,9415336.0
2014-05-28,5.55,5.58,5.53,5.56,4.716815,8878635.0
2014-05-29,5.55,5.58,5.53,5.56,4.716815,7107977.0
2014-05-30,5.56,5.61,5.55,5.56,4.716815,7530345.0
2014-06-03,5.56,5.61,5.56,5.58,4.733782,10507196.0
2014-06-04,5.59,5.6,5.49,5.55,4.708332,12001124.0
2014-06-05,5.56,5.61,5.53,5.59,4.742265,10484906.0
2014-06-06,5.59,5.61,5.52,5.53,4.691365,5535339.0
2014-06-09,5.53,5.59,5.52,5.54,4.699848,5905686.0
2014-06-10,5.56,5.59,5.51,5.57,4.725299,9770271.0
2014-06-11,5.56,5.56,5.5,5.53,4.691365,9866184.0
2014-06-12,5.51,5.56,5.5,5.51,4.674398,6702463.0
2014-06-13,5.51,5.54,5.49,5.51,4.674398,12326788.0
2014-06-16,5.5,5.53,5.49,5.5,4.665914,15679695.0
2014-06-17,5.5,5.51,5.42,5.43,4.60653,13508124.0
2014-06-18,5.43,5.48,5.42,5.45,4.623497,11269739.0
2014-06-19,5.48,5.49,5.42,5.46,4.63198,8231662.0
2014-06-20,5.48,5.61,5.45,5.58,4.733782,22006704.0
2014-06-23,5.59,5.59,5.45,5.46,4.63198,14020030.0
2014-06-24,5.46,5.51,5.45,5.5,4.665914,7765296.0
2014-06-25,5.49,5.53,5.45,5.52,4.682881,8550443.0
2014-06-26,5.53,5.58,5.52,5.57,4.725299,7893908.0
2014-06-27,5.54,5.6,5.52,5.59,4.742265,10760339.0
2014-06-30,5.59,5.67,5.59,5.66,4.80165,12523836.0
2014-07-01,5.68,5.68,5.59,5.62,4.767716,10215339.0
2014-07-02,5.63,5.68,5.59,5.67,4.810133,11724468.0
2014-07-03,5.69,5.74,5.67,5.71,4.844067,12428078.0
2014-07-04,5.72,5.77,5.7,5.76,4.8864849999999995,11188658.0
2014-07-07,5.76,5.8,5.73,5.76,4.8864849999999995,6928605.0
2014-07-08,5.74,5.92,5.73,5.9,5.005253,20554802.0
2014-07-09,5.88,6.2,5.79,5.93,5.030704,23191588.0
2014-07-10,5.92,6.12,5.88,5.97,5.0646379999999995,29567603.0
2014-07-11,5.99,6.13,5.92,5.94,5.039187,29880111.0
2014-07-14,5.97,6.14,5.97,6.13,5.200374,22983710.0
2014-07-15,6.15,6.25,5.89,6.04,5.124022,61236839.0
2014-07-16,5.99,6.22,5.96,6.15,5.21734,39544335.0
2014-07-17,6.15,6.24,6.07,6.15,5.21734,31517454.0
2014-07-18,5.77,5.9,5.75,5.82,5.262551,33523616.0
2014-07-21,5.83,6.0,5.83,5.97,5.398184,28027839.0
2014-07-22,5.98,6.16,5.95,6.14,5.551901,27963335.0
2014-07-23,6.13,6.23,6.11,6.18,5.58807,23897857.0
2014-07-24,6.18,6.26,6.06,6.18,5.58807,25945801.0
2014-07-25,6.18,6.19,6.01,6.16,5.569985,31755433.0
2014-07-28,6.14,6.29,6.14,6.26,5.660408,27590422.0
2014-07-29,6.26,6.26,6.13,6.19,5.597112,19339290.0
2014-07-30,6.07,6.07,5.88,5.91,5.3439309999999995,55978645.0
2014-07-31,5.9,5.94,5.86,5.93,5.362015,25847662.0
2014-08-01,5.95,6.06,5.93,5.99,5.416268,30453661.0
2014-08-04,6.02,6.05,5.95,6.03,5.452437000000001,26151936.0
2014-08-05,6.02,6.02,5.93,6.01,5.434353,27386763.0
2014-08-06,5.96,6.0,5.95,6.0,5.425311,18024629.0
2014-08-07,5.99,6.03,5.93,5.93,5.362015,20188759.0
2014-08-08,5.94,5.96,5.89,5.92,5.352973,14943527.0
2014-08-11,5.95,5.97,5.92,5.96,5.389142,10137699.0
2014-08-12,5.94,5.96,5.9,5.93,5.362015,13806704.0
2014-08-13,5.94,5.97,5.91,5.96,5.389142,17038631.0
2014-08-14,5.95,5.97,5.88,5.89,5.325847,14802421.0
2014-08-15,5.9,5.95,5.9,5.91,5.3439309999999995,14084494.0
2014-08-18,5.91,5.95,5.9,5.91,5.3439309999999995,12448104.0
2014-08-19,5.91,5.93,5.85,5.89,5.325847,14135548.0
2014-08-20,5.86,5.9,5.86,5.87,5.307762,11052111.0
2014-08-21,5.86,5.88,5.78,5.82,5.262551,15208361.0
2014-08-22,5.82,5.86,5.8,5.85,5.289678,9453752.0
2014-08-25,5.87,5.89,5.83,5.88,5.316804,13395848.0
2014-08-26,5.87,5.9,5.81,5.83,5.271594,11225489.0
2014-08-27,5.82,5.92,5.81,5.92,5.352973,14668456.0
2014-08-28,5.93,6.01,5.92,5.97,5.398184,27369389.0
2014-08-29,6.0,6.07,5.98,6.06,5.479564,18162960.0
2014-09-01,6.06,6.1,6.02,6.06,5.479564,18319804.0
2014-09-02,6.05,6.14,6.02,6.13,5.542859,26685661.0
2014-09-03,6.15,6.21,6.13,6.2,5.606154,20055267.0
2014-09-04,6.21,6.28,6.15,6.26,5.660408,19599783.0
2014-09-05,6.26,6.42,6.25,6.41,5.7960400000000005,23436729.0
2014-09-09,6.41,6.44,6.3,6.35,5.741787,15253283.0
2014-09-10,6.3,6.35,6.24,6.33,5.723701999999999,14978644.0
2014-09-11,6.31,6.43,6.26,6.36,5.7508300000000006,21236169.0
2014-09-12,6.33,6.4,6.3,6.37,5.7598709999999995,10850340.0
2014-09-15,6.32,6.4,6.26,6.3,5.696576,23753153.0
2014-09-16,6.3,6.35,6.2,6.21,5.615197,19309622.0
2014-09-17,6.25,6.28,6.19,6.23,5.633281,13898153.0
2014-09-18,6.19,6.24,6.12,6.14,5.551901,15628289.0
2014-09-19,6.16,6.25,6.11,6.22,5.624238,18571645.0
2014-09-22,6.2,6.21,6.04,6.1,5.515732,18282833.0
2014-09-23,6.1,6.16,6.08,6.11,5.524775,11870458.0
2014-09-24,6.09,6.25,6.07,6.19,5.597112,23104804.0
2014-09-25,6.26,6.36,6.25,6.29,5.687533999999999,19777903.0
2014-09-26,6.26,6.29,6.2,6.23,5.633281,9942162.0
2014-09-29,6.22,6.26,6.12,6.18,5.58807,21261000.0
2014-09-30,6.17,6.2,6.1,6.13,5.542859,18080439.0
2014-10-08,6.13,6.2,6.12,6.19,5.597112,19973892.0
2014-10-09,6.21,6.24,6.18,6.22,5.624238,17603032.0
2014-10-10,6.19,6.2,6.04,6.08,5.497648000000001,30854427.0
2014-10-13,6.05,6.05,5.92,5.96,5.389142,18304586.0
2014-10-14,6.02,6.27,6.02,6.2,5.606154,50071175.0
2014-10-15,6.19,6.19,6.05,6.13,5.542859,22443144.0
2014-10-16,6.1,6.16,6.06,6.11,5.524775,18976082.0
2014-10-17,6.13,6.15,6.0,6.06,5.479564,22407061.0
2014-10-20,6.1,6.13,6.03,6.05,5.470522,15913525.0
2014-10-21,6.04,6.12,6.04,6.07,5.488606,14633051.0
2014-10-22,6.08,6.15,6.07,6.11,5.524775,12104563.0
2014-10-23,6.13,6.18,6.1,6.13,5.542859,17319197.0
2014-10-24,6.14,6.14,6.07,6.08,5.497648000000001,8602307.0
2014-10-27,6.05,6.08,5.79,5.91,5.3439309999999995,26508950.0
2014-10-28,5.91,6.01,5.9,6.0,5.425311,25182035.0
2014-10-29,6.02,6.16,6.0,6.15,5.560944,22001149.0
2014-10-30,6.16,6.72,6.12,6.55,5.922631,69661472.0
2014-10-31,6.53,6.65,6.39,6.48,5.859335,50277968.0
2014-11-03,6.47,6.59,6.41,6.48,5.859335,26282298.0
2014-11-04,6.43,6.56,6.41,6.52,5.895504,27140326.0
2014-11-05,6.55,6.75,6.55,6.62,5.985926,36274140.0
2014-11-06,6.49,6.49,6.27,6.35,5.741787,49173614.0
2014-11-07,6.35,6.45,6.25,6.29,5.687533999999999,41733744.0
2014-11-10,6.35,6.52,6.34,6.42,5.805082,45363908.0
2014-11-11,6.48,6.64,6.4,6.5,5.87742,66989670.0
2014-11-12,,,,,,
2014-11-13,6.6,6.65,6.5,6.56,5.931673,41412958.0
2014-11-14,,,,,,
2014-11-17,,,,,,
2014-11-18,,,,,,
2014-11-19,,,,,,
2014-11-20,,,,,,
2014-11-21,,,,,,
2014-11-24,,,,,,
2014-11-25,,,,,,
2014-11-26,,,,,,
2014-11-27,6.63,6.65,6.5,6.56,5.931673,37323796.0
2014-11-28,6.51,6.68,6.48,6.66,6.022094999999999,54796958.0
2014-12-01,6.7,6.88,6.64,6.69,6.049222,77489724.0
2014-12-02,6.64,6.84,6.62,6.79,6.139643,66719379.0
2014-12-03,6.86,7.06,6.78,6.85,6.193896,106690058.0
2014-12-04,6.93,7.13,6.84,7.1,6.419951,96382888.0
2014-12-05,7.22,7.44,6.9,7.16,6.474204,114626665.0
2014-12-08,7.1,7.8,7.02,7.67,6.935356,136730976.0
2014-12-09,7.61,8.1,7.2,7.29,6.591753,207427124.0
2014-12-10,7.3,7.55,7.12,7.5,6.781638,107222618.0
2014-12-11,7.39,7.76,7.33,7.56,6.835891,101132626.0
2014-12-12,7.65,7.69,7.36,7.53,6.808764999999999,62065784.0
2014-12-15,7.48,7.5,7.27,7.45,6.736427000000001,62623467.0
2014-12-16,7.39,7.66,7.34,7.58,6.853975999999999,83510317.0
2014-12-17,7.58,7.88,7.48,7.86,7.107157000000001,122463392.0
2014-12-18,7.91,8.04,7.68,7.88,7.125242,94466106.0
2014-12-19,7.85,8.59,7.81,8.43,7.622561,168949056.0
2014-12-22,8.61,9.27,8.61,9.27,8.382105000000001,235088039.0
2014-12-23,9.18,9.29,8.34,8.66,7.830532000000001,153666173.0
2014-12-24,8.51,9.13,8.3,8.46,7.649688,125820071.0
2014-12-25,8.45,8.85,8.25,8.82,7.975207000000001,105308648.0
2014-12-26,8.82,8.99,8.52,8.87,8.020417,114194029.0
2014-12-29,8.87,9.3,8.61,8.87,8.020417,120289111.0
2014-12-30,8.86,8.95,8.38,8.56,7.7401100000000005,79302161.0
2014-12-31,8.53,8.99,8.41,8.83,7.984249,87204394.0
2015-01-05,8.83,9.46,8.83,9.36,8.463485,148622191.0
2015-01-06,9.25,9.32,8.98,9.09,8.219346,98550797.0
2015-01-07,9.0,9.18,8.82,9.08,8.210303,77177385.0
2015-01-08,9.03,9.07,8.64,8.66,7.830532000000001,68965592.0
2015-01-09,8.65,8.96,8.53,8.56,7.7401100000000005,67801755.0
2015-01-12,8.41,8.45,8.08,8.22,7.432676,70860988.0
2015-01-13,8.18,8.33,8.12,8.25,7.459802000000001,40205776.0
2015-01-14,8.32,8.53,8.26,8.37,7.568308,48177566.0
2015-01-15,8.42,8.62,8.36,8.6,7.776279,49758657.0
2015-01-16,8.65,8.76,8.56,8.59,7.767237,44023322.0
2015-01-19,8.25,8.4,7.73,7.74,6.998651,75945506.0
2015-01-20,7.94,8.22,7.79,8.08,7.306085,69016857.0
2015-01-21,8.1,8.37,8.01,8.33,7.532139999999999,51793958.0
2015-01-22,8.33,8.39,8.23,8.36,7.559266,35554430.0
2015-01-23,8.33,8.48,8.32,8.35,7.550224000000001,37147854.0
2015-01-26,8.35,8.47,8.28,8.47,7.6587309999999995,34753514.0
2015-01-27,8.47,8.51,8.14,8.36,7.559266,36395177.0
2015-01-28,8.27,8.33,8.16,8.2,7.414591000000001,32173253.0
2015-01-29,8.07,8.36,8.06,8.23,7.441717,48090468.0
2015-01-30,8.31,8.45,8.19,8.29,7.495971000000001,46893087.0
2015-02-02,8.15,8.2,7.92,7.99,7.224705,34675884.0
2015-02-03,8.08,8.12,7.93,8.07,7.297042,25000922.0
2015-02-04,8.12,8.18,7.99,8.02,7.251832,29432747.0
2015-02-05,8.11,8.14,7.56,7.58,6.853975999999999,91323077.0
2015-02-06,7.56,7.56,7.12,7.2,6.510373,68163191.0
2015-02-09,7.14,7.26,7.12,7.19,6.50133,35560377.0
2015-02-10,7.24,7.45,7.2,7.41,6.700258,39133754.0
2015-02-11,7.43,7.49,7.38,7.43,6.718342999999999,22705505.0
2015-02-12,7.41,7.68,7.29,7.45,6.736427000000001,36693229.0
2015-02-13,7.48,7.58,7.43,7.49,6.772596000000001,41988940.0
2015-02-16,7.49,7.52,7.38,7.44,6.727386,35096152.0
2015-02-17,7.46,7.52,7.45,7.49,6.772596000000001,23050268.0
2015-02-25,7.49,7.67,7.48,7.57,6.844933999999999,46994724.0
2015-02-26,7.56,7.77,7.52,7.75,7.007693,43923977.0
2015-02-27,7.75,7.82,7.67,7.7,6.9624809999999995,38805604.0
2015-03-02,7.8,7.82,7.7,7.79,7.043862,46612326.0
2015-03-03,7.77,7.77,7.52,7.52,6.799722999999999,43139665.0
2015-03-04,7.6,7.61,7.48,7.52,6.799722999999999,40207521.0
2015-03-05,7.45,7.51,7.34,7.39,6.682174000000001,40228013.0
2015-03-06,7.39,7.5,7.36,7.42,6.709300999999999,35323566.0
2015-03-09,7.4,7.55,7.31,7.52,6.799722999999999,55932478.0
2015-03-10,7.51,7.61,7.48,7.56,6.835891,43370763.0
2015-03-11,7.55,7.65,7.52,7.58,6.853975999999999,42264935.0
2015-03-12,7.58,7.73,7.57,7.7,6.9624809999999995,59789267.0
2015-03-13,7.71,7.77,7.58,7.72,6.9805660000000005,58026051.0
2015-03-16,7.7,7.86,7.66,7.85,7.098114,86217440.0
2015-03-17,7.87,8.15,7.83,8.09,7.315127,112744576.0
2015-03-18,8.09,8.24,8.02,8.23,7.441717,95542274.0
2015-03-19,8.2,8.28,8.12,8.2,7.414591000000001,77572158.0
2015-03-20,8.23,8.27,8.04,8.19,7.405549000000001,86357471.0
2015-03-23,8.26,8.4,8.23,8.38,7.577350999999999,91676719.0
2015-03-24,8.37,8.51,8.25,8.4,7.595435,95922535.0
2015-03-25,8.31,8.33,8.12,8.16,7.3784220000000005,97960855.0
2015-03-26,8.16,8.24,8.08,8.18,7.396507000000001,65398419.0
2015-03-27,8.17,8.2,8.1,8.18,7.396507000000001,52340906.0
2015-03-30,8.2,8.42,8.17,8.4,7.595435,96244338.0
2015-03-31,8.44,8.55,8.22,8.26,7.468845,99791111.0
2015-04-01,8.26,8.43,8.22,8.4,7.595435,78178801.0
2015-04-02,8.41,8.49,8.28,8.39,7.586392999999999,74568622.0
2015-04-03,8.33,8.41,8.29,8.4,7.595435,76084673.0
2015-04-07,8.4,8.65,8.4,8.64,7.812447,115650213.0
2015-04-08,8.64,8.67,8.42,8.52,7.703942,102319255.0
2015-04-09,8.43,8.47,8.22,8.31,7.514056,95442556.0
2015-04-10,8.34,8.49,8.34,8.47,7.6587309999999995,81997623.0
2015-04-13,8.51,8.66,8.51,8.65,7.821489,109119067.0
2015-04-14,8.66,9.46,8.58,9.41,8.508695,222671770.0
2015-04-15,9.32,9.32,8.9,9.02,8.156051,115053019.0
2015-04-16,8.98,9.16,8.92,9.15,8.273599,97198971.0
2015-04-17,9.16,9.64,9.16,9.38,8.481569,150361943.0
2015-04-20,,,,,,
2015-04-21,9.37,9.57,9.16,9.54,8.626244,114981743.0
2015-04-22,9.86,10.49,9.7,10.49,9.485251,175924190.0
2015-04-23,11.0,11.09,10.52,10.71,9.684178999999999,266613869.0
2015-04-24,,,,,,
2015-04-27,10.97,11.88,10.73,11.5,10.398512,214958328.0
2015-04-28,11.3,11.71,11.04,11.14,10.072992999999999,161939212.0
2015-04-29,11.0,11.25,10.72,11.02,9.964487,118881104.0
2015-04-30,11.03,11.67,10.98,11.24,10.163414999999999,148145222.0
2015-05-04,11.24,11.24,11.24,11.24,10.163414999999999,0.0
2015-05-05,12.69,12.98,11.36,11.39,10.299047999999999,244189422.0
2015-05-06,,,,,,
2015-05-07,10.69,10.79,10.08,10.14,9.168775,119807638.0
2015-05-08,10.23,10.79,10.18,10.78,9.747475,130151246.0
2015-05-11,,,,,,
2015-05-12,,,,,,
2015-05-13,11.66,11.66,11.02,11.13,10.063951,112361192.0
2015-05-14,11.05,11.43,10.86,11.04,9.982572,89312972.0
2015-05-15,10.91,10.98,10.48,10.58,9.56663,87079942.0
2015-05-18,10.58,10.75,10.31,10.41,9.412914,54184081.0
2015-05-19,10.4,10.85,10.32,10.84,9.801728,72617572.0
2015-05-20,10.86,11.08,10.78,10.84,9.801728,87318628.0
2015-05-21,10.84,10.95,10.64,10.89,9.846939,74046522.0
2015-05-22,,,,,,
2015-05-25,11.19,11.65,11.15,11.62,10.507017999999999,146950256.0
2015-05-26,11.68,11.79,11.29,11.62,10.507017999999999,140036301.0
2015-05-27,11.63,12.18,11.45,12.09,10.932001,178529150.0
2015-05-28,,,,,,
2015-05-29,,,,,,
2015-06-01,10.83,11.9,10.83,11.9,10.760199,147638874.0
2015-06-02,,,,,,
2015-06-03,,,,,,
2015-06-04,11.75,11.97,10.8,11.87,10.733073,114852295.0
2015-06-05,11.98,12.35,11.8,12.17,11.004338,184843858.0
2015-06-08,12.17,12.67,12.01,12.53,11.329857,228248134.0
2015-06-09,,,,,,
2015-06-10,,,,,,
2015-06-11,,,,,,
2015-06-12,,,,,,
2015-06-15,,,,,,
2015-06-16,,,,,,
2015-06-17,,,,,,
2015-06-18,,,,,,
2015-06-19,,,,,,
2015-06-23,12.05,12.77,11.76,11.95,10.80541,124970647.0
2015-06-24,,,,,,
2015-06-25,13.47,14.76,13.13,14.08,12.731396,414788765.0
2015-06-26,,,,,,
2015-06-29,,,,,,
2015-06-30,13.6,14.24,12.18,14.03,12.686185,340637500.0
2015-07-01,,,,,,
2015-07-02,,,,,,
2015-07-03,,,,,,
2015-07-06,,,,,,
2015-07-07,,,,,,
2015-07-08,,,,,,
2015-07-09,,,,,,
2015-07-10,,,,,,
2015-07-13,,,,,,
2015-07-14,,,,,,
2015-07-15,,,,,,
2015-07-16,10.27,10.87,10.27,10.48,9.476208999999999,71154634.0
2015-07-17,,,,,,
2015-07-20,,,,,,
2015-07-21,10.68,11.05,10.39,10.83,9.792686,77167729.0
2015-07-22,,,,,,
2015-07-23,,,,,,
2015-07-24,,,,,,
2015-07-27,10.7,11.03,9.86,9.86,8.915593,103555573.0
2015-07-28,9.66,10.73,9.5,10.45,9.449082,123312389.0
2015-07-29,10.45,10.86,10.34,10.8,9.765559,80191252.0
2015-07-30,10.84,10.86,10.2,10.45,9.449082,77075453.0
2015-07-31,10.3,10.59,10.2,10.55,9.539505,62532810.0
2015-08-03,10.39,11.1,10.36,11.08,10.018741,78602233.0
2015-08-04,11.0,11.36,10.78,11.22,10.145331,72456504.0
2015-08-05,11.11,11.19,10.7,10.75,9.720348,42786475.0
2015-08-06,10.69,10.94,10.56,10.66,9.638967999999998,24702342.0
2015-08-07,10.76,10.95,10.67,10.72,9.693222,40930651.0
2015-08-10,10.8,11.47,10.76,11.25,10.172458,96945176.0
2015-08-11,11.3,11.36,10.98,11.06,10.000656,70471982.0
2015-08-12,10.92,11.18,10.86,10.96,9.910233999999999,44355013.0
2015-08-13,10.97,11.23,10.9,11.2,10.127246000000001,51058202.0
2015-08-14,11.4,11.5,11.01,11.09,10.027782,61496876.0
2015-08-17,11.02,11.26,10.82,11.14,10.072992999999999,62241740.0
2015-08-18,11.16,11.18,10.08,10.19,9.213985000000001,75954738.0
2015-08-19,10.02,10.38,9.98,10.34,9.349619,46520269.0
2015-08-20,10.25,10.26,10.02,10.15,9.177816,37358725.0
2015-08-21,10.09,10.11,9.68,9.71,8.779961,41518434.0
2015-08-24,9.37,9.38,8.74,8.74,7.902869,61122199.0
2015-08-25,7.9,8.21,7.87,7.88,7.125242,102926751.0
2015-08-26,8.03,8.36,7.26,7.85,7.098114,80963759.0
2015-08-27,8.01,8.3,7.84,8.29,7.495971000000001,61320417.0
2015-08-28,8.47,8.93,8.32,8.75,7.911911,55074638.0
2015-08-31,8.65,9.09,8.26,9.06,8.192219999999999,69015255.0
2015-09-01,8.85,9.59,8.62,9.47,8.562949,113940497.0
2015-09-02,9.08,10.38,9.01,10.31,9.322493,121298978.0
2015-09-07,10.31,10.49,9.33,9.37,8.472528,103591811.0
2015-09-08,9.25,9.6,8.82,9.49,8.581033,44747378.0
2015-09-09,9.45,9.69,9.33,9.51,8.599117999999999,42655256.0
2015-09-10,9.41,9.57,9.26,9.38,8.481569,24768949.0
2015-09-11,9.41,9.48,9.14,9.22,8.336895,19918344.0
2015-09-14,9.31,9.36,8.8,9.0,8.137966,28888518.0
2015-09-15,8.99,8.99,8.6,8.68,7.848616000000001,21304584.0
2015-09-16,8.6,9.44,7.88,9.27,8.382105000000001,25772704.0
2015-09-17,9.4,9.45,8.96,8.98,8.119881,23931933.0
2015-09-18,9.04,9.16,8.9,8.97,8.110839,16308287.0
2015-09-21,8.81,9.15,8.81,9.09,8.219346,15171180.0
2015-09-22,9.1,9.23,9.1,9.14,8.264557,14604563.0
2015-09-23,9.03,9.13,8.79,8.82,7.975207000000001,15417982.0
2015-09-24,8.83,8.93,8.77,8.87,8.020417,10680065.0
2015-09-25,8.86,8.93,8.59,8.63,7.803405000000001,12190996.0
2015-09-28,8.65,8.75,8.59,8.7,7.866700999999999,5683582.0
2015-09-29,8.61,8.85,8.59,8.64,7.812447,10097392.0
2015-09-30,8.71,8.77,8.64,8.65,7.821489,6424917.0
2015-10-08,8.65,9.05,8.65,8.96,8.101797,17761053.0
2015-10-09,9.06,9.06,8.92,9.01,8.147008,12725331.0
2015-10-12,9.02,9.35,9.0,9.29,8.400189,23263361.0
2015-10-13,9.27,9.36,9.2,9.28,8.391147,18461121.0
2015-10-14,9.19,9.32,9.11,9.15,8.273599,13912976.0
2015-10-15,9.19,9.35,9.12,9.32,8.427316000000001,18424360.0
2015-10-16,9.39,9.43,9.24,9.34,8.4454,25469721.0
2015-10-19,9.31,9.38,9.2,9.26,8.373062,20350898.0
2015-10-20,9.3,9.55,9.27,9.53,8.617202,31241532.0
2015-10-21,9.64,9.67,9.08,9.1,8.228388,38578005.0
2015-10-22,9.16,9.33,9.13,9.32,8.427316000000001,25908563.0
2015-10-23,9.38,9.4,9.22,9.38,8.481569,23209022.0
2015-10-26,9.48,9.52,9.34,9.39,8.490611999999999,34421416.0
2015-10-27,9.3,9.3,9.07,9.26,8.373062,25230411.0
2015-10-28,9.21,9.4,9.17,9.27,8.382105000000001,27314270.0
2015-10-29,9.28,9.33,9.16,9.19,8.309766999999999,13566403.0
2015-10-30,9.19,9.24,9.09,9.15,8.273599,13024551.0
2015-11-02,9.08,9.15,9.02,9.02,8.156051,9710831.0
2015-11-03,9.06,9.16,9.0,9.09,8.219346,12806757.0
2015-11-04,9.08,9.39,9.07,9.39,8.490611999999999,24473542.0
2015-11-05,9.41,9.9,9.37,9.7,8.770918,56483909.0
2015-11-06,9.7,9.74,9.55,9.73,8.798045,33889144.0
2015-11-09,9.73,10.05,9.66,9.87,8.924636,42956383.0
2015-11-10,9.79,9.82,9.65,9.74,8.807087,25705946.0
2015-11-11,9.69,9.75,9.62,9.72,8.789003,20353026.0
2015-11-12,9.74,9.74,9.53,9.62,8.698582,16695444.0
2015-11-13,9.63,9.9,9.6,9.61,8.689539,34553175.0
2015-11-16,9.49,9.49,9.3,9.48,8.571991,19149160.0
2015-11-17,9.51,9.7,9.46,9.5,8.590075,20876272.0
2015-11-18,9.51,9.53,9.37,9.39,8.490611999999999,13161420.0
2015-11-19,9.39,9.45,9.35,9.44,8.535822,11482768.0
2015-11-20,9.43,9.44,9.37,9.42,8.517737,13188695.0
2015-11-23,9.43,9.45,9.28,9.32,8.427316000000001,15000904.0
2015-11-24,9.3,9.31,9.17,9.26,8.373062,13086538.0
2015-11-25,9.24,9.3,9.19,9.29,8.400189,14299257.0
2015-11-26,9.3,9.31,9.25,9.25,8.36402,16374858.0
2015-11-27,9.27,9.27,8.6,8.78,7.939038,22641439.0
2015-11-30,8.77,8.98,8.76,8.93,8.074672,14917671.0
2015-12-01,8.94,9.02,8.81,8.95,8.092755,12406689.0
2015-12-02,8.91,9.28,8.9,9.26,8.373062,21627556.0
2015-12-03,9.24,9.29,9.17,9.25,8.36402,15968180.0
2015-12-04,9.23,9.23,8.98,9.04,8.174135,13801944.0
2015-12-07,8.97,9.04,8.92,8.97,8.110839,10455130.0
2015-12-08,8.95,8.98,8.81,8.82,7.975207000000001,12613008.0
2015-12-09,8.83,8.96,8.8,8.84,7.993291,7165178.0
2015-12-10,8.82,8.92,8.76,8.78,7.939038,9805344.0
2015-12-11,8.75,8.78,8.6,8.66,7.830532000000001,10438622.0
2015-12-14,8.66,8.95,8.61,8.94,8.083713000000001,17168667.0
2015-12-15,8.93,8.96,8.8,8.84,7.993291,11047693.0
2015-12-16,8.84,8.88,8.7,8.73,7.893826,14451239.0
2015-12-17,8.8,8.88,8.78,8.84,7.993291,19958037.0
2015-12-18,8.82,8.98,8.81,8.87,8.020417,17550592.0
2015-12-21,8.87,9.29,8.85,9.2,8.318810000000001,36460062.0
2015-12-22,9.2,9.26,9.06,9.15,8.273599,19451145.0
2015-12-23,9.1,9.24,9.09,9.11,8.23743,25609611.0
2015-12-24,9.04,9.1,8.86,8.94,8.083713000000001,16323426.0
2015-12-25,8.93,9.02,8.89,8.98,8.119881,11133778.0
2015-12-28,9.01,9.05,8.78,8.79,7.94808,16780811.0
2015-12-29,8.75,8.83,8.69,8.81,7.966164999999999,11237220.0
2015-12-30,8.82,8.84,8.72,8.8,7.957122,11939082.0
2015-12-31,8.8,8.83,8.7,8.73,7.893826,10410871.0
2016-01-04,8.73,8.75,8.22,8.24,7.450760000000001,14485213.0
2016-01-05,8.0,8.38,8.0,8.22,7.432676,22088382.0
2016-01-06,8.22,8.42,8.17,8.4,7.595435,17808629.0
2016-01-07,8.28,8.28,7.75,7.79,7.043862,4102600.0
2016-01-08,7.96,8.1,7.8,7.98,7.215663,25639147.0
2016-01-11,7.9,7.92,7.6,7.6,6.87206,22025336.0
2016-01-12,7.66,7.68,7.5,7.52,6.799722999999999,16544598.0
2016-01-13,7.6,7.62,7.38,7.42,6.709300999999999,14723546.0
2016-01-14,7.28,7.49,7.23,7.46,6.74547,12995370.0
2016-01-15,7.41,7.45,7.12,7.16,6.474204,12981321.0
2016-01-18,7.07,7.26,7.02,7.15,6.465162,12892638.0
2016-01-19,7.2,7.42,7.15,7.39,6.682174000000001,13847476.0
2016-01-20,7.38,7.52,7.15,7.36,6.655048,21745872.0
2016-01-21,7.16,7.38,7.11,7.15,6.465162,18095198.0
2016-01-22,7.2,7.28,7.15,7.22,6.528457,9967314.0
2016-01-25,7.27,7.32,7.2,7.24,6.546542,7590580.0
2016-01-26,7.19,7.19,6.83,6.85,6.193896,15632660.0
2016-01-27,6.95,6.96,6.66,6.77,6.1215589999999995,14599443.0
2016-01-28,6.8,6.85,6.61,6.69,6.049222,13100240.0
2016-01-29,6.7,6.92,6.67,6.86,6.202939,15758449.0
2016-02-01,6.86,6.88,6.67,6.73,6.085391,11998582.0
2016-02-02,6.75,6.88,6.73,6.83,6.1758120000000005,10331811.0
2016-02-03,6.75,6.8,6.7,6.78,6.130601,8465827.0
2016-02-04,6.82,6.89,6.8,6.86,6.202939,10362749.0
2016-02-05,6.88,6.89,6.78,6.79,6.139643,8135088.0
2016-02-15,6.79,6.79,6.58,6.68,6.040179,8243947.0
2016-02-16,6.72,6.92,6.72,6.9,6.239107,14172228.0
2016-02-17,6.89,6.96,6.86,6.94,6.275276,14251706.0
2016-02-18,6.97,7.05,6.91,6.97,6.302402,20994394.0
2016-02-19,6.97,6.99,6.91,6.94,6.275276,9081699.0
2016-02-22,7.0,7.1,6.95,7.07,6.392825,19316769.0
2016-02-23,7.08,7.13,6.95,7.05,6.37474,20907223.0
2016-02-24,6.98,7.3,6.95,7.29,6.591753,27589612.0
2016-02-25,7.24,7.24,6.75,6.84,6.1848540000000005,24945674.0
2016-02-26,6.94,7.09,6.85,6.98,6.311445,17504752.0
2016-02-29,7.0,7.0,6.59,6.89,6.230065,21802319.0
2016-03-01,6.87,6.94,6.74,6.9,6.239107,15043657.0
2016-03-02,6.93,7.16,6.88,7.13,6.447078,26860640.0
2016-03-03,7.12,7.2,7.09,7.18,6.492287999999999,25037357.0
2016-03-04,7.15,7.58,7.11,7.48,6.763553999999999,58903675.0
2016-03-07,7.51,7.53,7.34,7.41,6.700258,19794288.0
2016-03-08,7.41,7.44,7.11,7.43,6.718342999999999,19836741.0
2016-03-09,7.26,7.46,7.19,7.44,6.727386,20565829.0
2016-03-10,7.34,7.44,7.26,7.28,6.5827100000000005,6485624.0
2016-03-11,7.2,7.33,7.11,7.32,6.618879,8786402.0
2016-03-14,7.36,7.52,7.36,7.4,6.691216000000001,13486048.0
2016-03-15,7.4,7.85,7.28,7.81,7.061946000000001,32271757.0
2016-03-16,7.7,8.0,7.66,7.9,7.143325999999999,46949588.0
2016-03-17,7.87,8.02,7.81,7.9,7.143325999999999,18550136.0
2016-03-18,7.98,7.98,7.78,7.84,7.089073,32409327.0
2016-03-21,7.85,7.95,7.8,7.86,7.107157000000001,24971741.0
2016-03-22,7.83,7.96,7.8,7.91,7.152367999999999,19535013.0
2016-03-23,7.88,7.92,7.8,7.83,7.080030000000001,12926688.0
2016-03-24,7.81,7.82,7.73,7.74,6.998651,9440717.0
2016-03-25,7.72,7.8,7.72,7.78,7.03482,7736723.0
2016-03-28,7.83,7.95,7.76,7.78,7.03482,14041812.0
2016-03-29,7.83,7.91,7.74,7.84,7.089073,16071247.0
2016-03-30,7.88,8.06,7.88,8.05,7.278958,24686423.0
2016-03-31,8.08,8.08,7.95,7.97,7.206621000000001,16063846.0
2016-04-01,7.98,8.02,7.82,8.02,7.251832,15712521.0
2016-04-05,8.02,8.06,7.89,8.03,7.260874,16239031.0
2016-04-06,8.0,8.05,7.96,8.0,7.233747,12678229.0
2016-04-07,8.01,8.02,7.84,7.85,7.098114,12733910.0
2016-04-08,7.81,7.83,7.77,7.8,7.052903999999999,8272412.0
2016-04-11,7.83,7.92,7.82,7.88,7.125242,8257055.0
2016-04-12,7.89,7.89,7.79,7.82,7.070989,7232219.0
2016-04-13,7.86,7.97,7.85,7.92,7.161410000000001,13261240.0
2016-04-14,7.95,7.98,7.9,7.94,7.179494,5562204.0
2016-04-15,7.97,7.98,7.89,7.91,7.152367999999999,6416935.0
2016-04-18,7.87,7.87,7.76,7.77,7.025777000000001,9462595.0
2016-04-19,7.82,7.84,7.74,7.78,7.03482,5555634.0
2016-04-20,7.76,7.8,7.5,7.79,7.043862,16129456.0
2016-04-21,7.7,7.73,7.66,7.67,6.935356,4650184.0
2016-04-22,7.62,7.8,7.61,7.73,6.989609,6885888.0
2016-04-25,7.74,7.74,7.62,7.69,6.95344,3986017.0
2016-04-26,7.72,7.75,7.61,7.68,6.944398,4638670.0
2016-04-27,7.63,7.67,7.61,7.62,6.890144,5408872.0
2016-04-28,7.64,7.65,7.49,7.53,6.808764999999999,7716424.0
2016-04-29,7.51,7.53,7.45,7.48,6.763553999999999,8254929.0
2016-05-03,7.48,7.6,7.45,7.57,6.844933999999999,12322424.0
2016-05-04,7.55,7.61,7.54,7.58,6.853975999999999,6780330.0
2016-05-05,7.58,7.59,7.53,7.57,6.844933999999999,4639193.0
2016-05-06,7.58,7.59,7.41,7.43,6.718342999999999,8795018.0
2016-05-09,7.4,7.4,7.2,7.23,6.5374989999999995,9155156.0
2016-05-10,7.21,7.25,7.18,7.2,6.510373,4703169.0
2016-05-11,7.21,7.38,7.15,7.29,6.591753,9661957.0
2016-05-12,7.25,7.4,7.16,7.36,6.655048,10273406.0
2016-05-13,7.33,7.35,7.21,7.25,6.555583,6790093.0
2016-05-16,7.22,7.26,7.17,7.25,6.555583,5489763.0
2016-05-17,7.26,7.27,7.18,7.22,6.528457,4318417.0
2016-05-18,7.2,7.27,7.1,7.26,6.564626,11232528.0
2016-05-19,7.21,7.3,7.21,7.23,6.5374989999999995,4569532.0
2016-05-20,7.21,7.26,7.2,7.25,6.555583,2530742.0
2016-05-23,7.27,7.3,7.24,7.28,6.5827100000000005,4382001.0
2016-05-24,7.29,7.33,7.22,7.31,6.609837,4867148.0
2016-05-25,7.34,7.34,7.29,7.31,6.609837,3908846.0
2016-05-26,7.3,7.34,7.24,7.3,6.600795,3552983.0
2016-05-27,7.33,7.33,7.25,7.27,6.573668,3074228.0
2016-05-30,7.3,7.33,7.24,7.32,6.618879,4318188.0
2016-05-31,7.33,7.52,7.3,7.51,6.790681,10614525.0
2016-06-01,7.51,7.51,7.44,7.45,6.736427000000001,6629042.0
2016-06-02,7.45,7.47,7.41,7.45,6.736427000000001,4859451.0
2016-06-03,7.46,7.48,7.42,7.46,6.74547,5080794.0
2016-06-06,7.46,7.49,7.42,7.48,6.763553999999999,4557080.0
2016-06-07,7.48,7.59,7.46,7.54,6.817807000000001,6953657.0
2016-06-08,7.53,7.56,7.48,7.53,6.808764999999999,4121918.0
2016-06-13,7.53,7.53,7.25,7.27,6.573668,7676245.0
2016-06-14,7.23,7.3,7.23,7.26,6.564626,4917062.0
2016-06-15,7.21,7.38,7.21,7.32,6.618879,4655578.0
2016-06-16,7.28,7.34,7.21,7.23,6.5374989999999995,8874698.0
2016-06-17,7.22,7.33,7.22,7.26,6.564626,5762036.0
2016-06-20,7.31,7.31,7.26,7.3,6.600795,3088883.0
2016-06-21,7.3,7.36,7.29,7.31,6.609837,6508429.0
2016-06-22,7.31,7.37,7.3,7.37,6.66409,4632178.0
2016-06-23,7.37,7.39,7.3,7.33,6.627921000000001,4656344.0
2016-06-24,7.34,7.39,7.25,7.31,6.609837,9300316.0
2016-06-27,7.29,7.4,7.27,7.37,6.66409,4493890.0
2016-06-28,7.36,7.42,7.32,7.4,6.691216000000001,8572509.0
2016-06-29,7.38,7.49,7.36,7.47,6.754511,9570383.0
2016-06-30,7.47,7.55,7.46,7.52,6.799722999999999,7452873.0
2016-07-01,7.58,7.61,7.56,7.61,6.881102,7518005.0
2016-07-04,7.62,7.83,7.6,7.8,7.052903999999999,14629560.0
2016-07-05,7.8,7.86,7.74,7.85,7.098114,11091820.0
2016-07-06,7.84,7.87,7.78,7.82,7.070989,11417803.0
2016-07-07,7.82,7.83,7.75,7.77,7.025777000000001,17350780.0
2016-07-08,7.26,7.26,7.1,7.12,6.852539,15173162.0
2016-07-11,7.12,7.15,7.04,7.09,6.823666,10363897.0
2016-07-12,7.09,7.21,7.06,7.2,6.929533,16445379.0
2016-07-13,7.22,7.3,7.19,7.21,6.939158,10102502.0
2016-07-14,7.22,7.28,7.17,7.25,6.977655,6684708.0
2016-07-15,7.26,7.26,7.18,7.21,6.939158,4395942.0
2016-07-18,7.19,7.27,7.15,7.18,6.910285000000001,7342239.0
2016-07-19,7.16,7.24,7.12,7.18,6.910285000000001,8307045.0
2016-07-20,7.16,7.17,7.12,7.13,6.862164,4737791.0
2016-07-21,7.13,7.17,7.12,7.15,6.881411999999999,5916062.0
2016-07-22,7.13,7.15,7.08,7.09,6.823666,4625641.0
2016-07-25,7.08,7.14,7.07,7.1,6.833289999999999,3903877.0
2016-07-26,7.08,7.14,7.08,7.13,6.862164,7144287.0
2016-07-27,7.15,7.25,6.99,7.24,6.968031,18462435.0
2016-07-28,7.2,7.45,7.13,7.43,7.150894,33187883.0
2016-07-29,7.38,7.44,7.28,7.3,7.025777000000001,12174021.0
2016-08-01,7.33,7.35,7.21,7.31,7.035402,8011300.0
2016-08-02,7.3,7.31,7.23,7.29,7.016153,4994419.0
2016-08-03,7.21,7.25,7.13,7.16,6.891036,14566819.0
2016-08-04,7.15,7.2,7.12,7.18,6.910285000000001,6876304.0
2016-08-05,7.18,7.2,7.14,7.17,6.900661,5348822.0
2016-08-08,7.15,7.2,7.11,7.2,6.929533,9431417.0
2016-08-09,7.2,7.24,7.18,7.22,6.9487820000000005,9641161.0
2016-08-10,7.23,7.23,7.15,7.18,6.910285000000001,8685593.0
2016-08-11,7.18,7.19,7.13,7.14,6.8717880000000005,8197883.0
2016-08-12,7.17,7.3,7.14,7.25,6.977655,11971098.0
2016-08-15,7.26,7.43,7.25,7.39,7.112396,20618848.0
2016-08-16,7.44,7.49,7.34,7.37,7.093147999999999,15312594.0
2016-08-17,7.41,7.41,7.33,7.39,7.112396,8766469.0
2016-08-18,7.39,7.44,7.27,7.32,7.045025999999999,13497770.0
2016-08-19,7.31,7.34,7.24,7.31,7.035402,8255534.0
2016-08-22,7.29,7.31,7.25,7.27,6.996904,8782858.0
2016-08-23,7.29,7.3,7.22,7.24,6.968031,7436445.0
2016-08-24,7.25,7.29,7.22,7.27,6.996904,5398675.0
2016-08-25,7.24,7.24,7.16,7.23,6.958407000000001,8004858.0
2016-08-26,7.22,7.3,7.21,7.26,6.98728,11187600.0
2016-08-29,7.24,7.24,7.15,7.19,6.919909,10524883.0
2016-08-30,7.21,7.23,7.17,7.2,6.929533,5910740.0
2016-08-31,7.18,7.22,7.17,7.21,6.939158,5109218.0
2016-09-01,7.22,7.23,7.17,7.19,6.919909,4656363.0
2016-09-02,7.28,7.33,7.2,7.31,7.035402,17955769.0
2016-09-05,7.3,7.32,7.23,7.27,6.996904,6791113.0
2016-09-06,7.27,7.28,7.2,7.28,7.006529,5402859.0
2016-09-07,7.28,7.3,7.22,7.23,6.958407000000001,6559969.0
2016-09-08,7.24,7.25,7.22,7.24,6.968031,2851978.0
2016-09-09,7.23,7.25,7.19,7.2,6.929533,5211739.0
2016-09-12,7.15,7.35,7.06,7.33,7.05465,22190605.0
2016-09-13,7.27,7.31,7.2,7.29,7.016153,8656488.0
2016-09-14,7.25,7.25,7.12,7.18,6.910285000000001,8276895.0
2016-09-19,7.18,7.19,7.16,7.18,6.910285000000001,3501885.0
2016-09-20,7.19,7.19,7.13,7.16,6.891036,2356167.0
2016-09-21,7.17,7.17,7.09,7.12,6.852539,6982642.0
2016-09-22,7.12,7.17,7.12,7.13,6.862164,4364288.0
2016-09-23,7.13,7.16,7.11,7.12,6.852539,3100613.0
2016-09-26,7.13,7.13,7.05,7.07,6.804417,4822096.0
2016-09-27,7.07,7.11,7.06,7.09,6.823666,4188703.0
2016-09-28,7.13,7.13,7.06,7.08,6.814042,1806543.0
2016-09-29,7.1,7.11,7.06,7.08,6.814042,3255636.0
2016-09-30,7.09,7.11,7.01,7.04,6.775544,5292530.0
2016-10-10,7.04,7.11,7.04,7.09,6.823666,6134226.0
2016-10-11,7.1,7.12,7.08,7.11,6.842915,4104713.0
2016-10-12,7.1,7.11,7.08,7.11,6.842915,2394440.0
2016-10-13,7.11,7.11,7.07,7.09,6.823666,3714151.0
2016-10-14,7.09,7.15,7.05,7.13,6.862164,5667820.0
2016-10-17,7.14,7.15,7.08,7.11,6.842915,7577643.0
2016-10-18,7.11,7.16,7.08,7.16,6.891036,6633722.0
2016-10-19,7.13,7.2,7.13,7.14,6.8717880000000005,9605996.0
2016-10-20,7.14,7.16,7.1,7.12,6.852539,4963054.0
2016-10-21,7.12,7.16,7.1,7.14,6.8717880000000005,4510503.0
2016-10-24,7.13,7.23,7.13,7.2,6.929533,8607168.0
2016-10-25,7.19,7.22,7.18,7.2,6.929533,5917834.0
2016-10-26,7.21,7.22,7.15,7.16,6.891036,4532493.0
2016-10-27,7.16,7.17,7.13,7.16,6.891036,3117196.0
2016-10-28,7.14,7.19,7.14,7.17,6.900661,5369017.0
2016-10-31,7.13,7.17,7.1,7.15,6.881411999999999,3241828.0
2016-11-01,7.16,7.18,7.13,7.17,6.900661,3548517.0
2016-11-02,7.16,7.17,7.08,7.11,6.842915,3785493.0
2016-11-03,7.1,7.15,7.08,7.12,6.852539,5517256.0
2016-11-04,7.12,7.12,7.1,7.11,6.842915,3143733.0
2016-11-07,7.13,7.13,7.08,7.1,6.833289999999999,3924326.0
2016-11-08,7.11,7.13,7.08,7.11,6.842915,5981862.0
2016-11-09,7.12,7.12,7.05,7.05,6.785169000000001,9549196.0
2016-11-10,7.09,7.12,7.08,7.1,6.833289999999999,5897805.0
2016-11-11,7.09,7.14,7.08,7.14,6.8717880000000005,8105660.0
2016-11-14,7.14,7.21,7.12,7.17,6.900661,10245242.0
2016-11-15,7.17,7.19,7.14,7.18,6.910285000000001,8026007.0
2016-11-16,7.18,7.18,7.15,7.17,6.900661,5900739.0
2016-11-17,7.16,7.21,7.14,7.2,6.929533,10782375.0
2016-11-18,7.21,7.22,7.15,7.16,6.891036,5443316.0
2016-11-21,7.16,7.44,7.15,7.32,7.045025999999999,31718540.0
2016-11-22,7.31,7.35,7.25,7.3,7.025777000000001,16088804.0
2016-11-23,7.29,7.37,7.27,7.3,7.025777000000001,12272322.0
2016-11-24,7.27,7.35,7.27,7.32,7.045025999999999,10698752.0
2016-11-25,7.31,7.41,7.23,7.39,7.112396,14393828.0
2016-11-28,7.38,7.52,7.34,7.46,7.179767,20295808.0
2016-11-29,7.45,7.78,7.43,7.69,7.401127000000001,40542211.0
2016-11-30,7.65,7.77,7.5,7.66,7.372253999999999,25870172.0
2016-12-01,7.6,7.75,7.59,7.67,7.3818779999999995,24070740.0
2016-12-02,7.68,7.95,7.64,7.76,7.468497999999999,39045512.0
2016-12-05,7.68,7.78,7.56,7.77,7.478122,24710065.0
2016-12-06,7.73,7.78,7.59,7.64,7.3530050000000005,14093305.0
2016-12-07,7.63,7.64,7.41,7.5,7.218265,24242403.0
2016-12-08,7.5,7.52,7.34,7.39,7.112396,27806565.0
2016-12-09,7.38,7.42,7.33,7.38,7.102772,42892326.0
2016-12-12,7.38,7.39,7.08,7.29,7.016153,46469051.0
2016-12-13,7.24,7.24,7.12,7.19,6.919909,14938893.0
2016-12-14,7.19,7.24,7.13,7.16,6.891036,18329821.0
2016-12-15,7.15,7.18,7.1,7.13,6.862164,14395149.0
2016-12-16,7.13,7.18,7.1,7.11,6.842915,25921407.0
2016-12-19,7.12,7.17,7.11,7.14,6.8717880000000005,10483253.0
2016-12-20,7.15,7.15,7.05,7.06,6.794792999999999,14109568.0
2016-12-21,7.06,7.19,7.06,7.16,6.891036,18880649.0
2016-12-22,7.16,7.3,7.12,7.2,6.929533,21715065.0
2016-12-23,7.19,7.19,7.08,7.09,6.823666,11946920.0
2016-12-26,7.07,7.18,7.01,7.15,6.881411999999999,12564307.0
2016-12-27,7.13,7.13,7.02,7.06,6.794792999999999,12366531.0
2016-12-28,7.06,7.07,7.03,7.05,6.785169000000001,6489181.0
2016-12-29,7.04,7.07,7.03,7.05,6.785169000000001,5191432.0
2016-12-30,7.06,7.07,7.02,7.05,6.785169000000001,7814401.0
2017-01-03,7.05,7.09,7.03,7.08,6.814042,7094234.0
2017-01-04,7.08,7.11,7.03,7.1,6.833289999999999,15629508.0
2017-01-05,7.09,7.1,7.04,7.06,6.794792999999999,18442780.0
2017-01-06,7.06,7.14,7.06,7.08,6.814042,25589999.0
2017-01-09,7.08,7.13,7.07,7.12,6.852539,12855141.0
2017-01-10,7.12,7.17,7.09,7.13,6.862164,13988323.0
2017-01-11,7.13,7.18,7.09,7.14,6.8717880000000005,16404073.0
2017-01-12,7.13,7.14,7.09,7.1,6.833289999999999,10223599.0
2017-01-13,7.08,7.26,7.02,7.23,6.958407000000001,39267382.0
2017-01-16,7.22,7.38,7.1,7.36,7.083524000000001,62172748.0
2017-01-17,7.31,7.31,7.24,7.26,6.98728,14369758.0
2017-01-18,7.28,7.33,7.23,7.23,6.958407000000001,13604707.0
2017-01-19,7.23,7.24,7.16,7.19,6.919909,12080841.0
2017-01-20,7.19,7.25,7.16,7.24,6.968031,9338106.0
2017-01-23,7.24,7.26,7.22,7.24,6.968031,7199279.0
2017-01-24,7.24,7.28,7.22,7.27,6.996904,9366422.0
2017-01-25,7.27,7.28,7.24,7.26,6.98728,5902676.0
2017-01-26,7.26,7.3,7.25,7.27,6.996904,8891825.0
2017-02-03,7.27,7.28,7.22,7.24,6.968031,4665806.0
2017-02-06,7.25,7.27,7.21,7.26,6.98728,4715238.0
2017-02-07,7.27,7.3,7.23,7.28,7.006529,7220326.0
2017-02-08,7.27,7.3,7.24,7.29,7.016153,8261316.0
2017-02-09,7.29,7.34,7.27,7.31,7.035402,8265231.0
2017-02-10,7.33,7.38,7.3,7.37,7.093147999999999,15079587.0
2017-02-13,7.36,7.42,7.34,7.39,7.112396,10126885.0
2017-02-14,7.38,7.44,7.32,7.36,7.083524000000001,11789447.0
2017-02-15,7.36,7.72,7.36,7.51,7.227889,72255163.0
2017-02-16,7.51,7.66,7.47,7.65,7.36263,26278537.0
2017-02-17,7.63,7.65,7.51,7.61,7.3241320000000005,11431472.0
2017-02-20,7.56,7.67,7.55,7.64,7.3530050000000005,15711410.0
2017-02-21,7.64,7.75,7.62,7.71,7.420375999999999,13063250.0
2017-02-22,7.7,7.74,7.56,7.67,7.3818779999999995,18514502.0
2017-02-23,7.63,7.65,7.51,7.6,7.314508,17744632.0
2017-02-24,7.57,7.62,7.51,7.6,7.314508,13368444.0
2017-02-27,7.58,7.67,7.53,7.59,7.304883,15313948.0
2017-02-28,7.58,7.75,7.56,7.73,7.439624,18648841.0
2017-03-01,7.69,7.8,7.69,7.71,7.420375999999999,14267223.0
2017-03-02,7.51,7.89,7.51,7.84,7.545493,19284064.0
2017-03-03,7.83,8.0,7.77,7.9,7.603239,22390657.0
2017-03-06,7.94,8.12,7.63,7.8,7.506995,54585695.0
2017-03-07,7.72,7.78,7.6,7.73,7.439624,18965410.0
2017-03-08,7.68,7.82,7.63,7.78,7.4877460000000005,13226208.0
2017-03-09,7.77,7.87,7.7,7.76,7.468497999999999,12270187.0
2017-03-10,7.75,7.79,7.62,7.66,7.372253999999999,13810554.0
2017-03-13,7.64,7.79,7.57,7.75,7.458873,9132715.0
2017-03-14,7.72,7.81,7.66,7.69,7.401127000000001,7579650.0
2017-03-15,7.67,7.77,7.63,7.72,7.43,12043531.0
2017-03-16,7.72,7.76,7.68,7.71,7.420375999999999,10297794.0
2017-03-17,7.72,7.74,7.54,7.56,7.2760110000000005,17913372.0
2017-03-20,7.58,7.65,7.54,7.58,7.295259,13101490.0
2017-03-21,7.58,7.76,7.56,7.75,7.458873,17128598.0
2017-03-22,7.59,7.64,7.45,7.5,7.218265,21308191.0
2017-03-23,7.5,7.5,7.24,7.27,6.996904,33504444.0
2017-03-24,7.27,7.28,7.14,7.25,6.977655,26042269.0
2017-03-27,7.24,7.24,7.13,7.15,6.881411999999999,27414041.0
2017-03-28,7.11,7.18,7.1,7.15,6.881411999999999,14608907.0
2017-03-29,7.15,7.18,7.07,7.09,6.823666,25103208.0
2017-03-30,7.11,7.24,7.05,7.17,6.900661,32086307.0
2017-03-31,7.16,7.26,7.12,7.17,6.900661,25501080.0
2017-04-05,7.17,7.3,7.15,7.28,7.006529,21987790.0
2017-04-06,7.28,7.42,7.26,7.31,7.035402,28265504.0
2017-04-07,7.32,7.4,7.29,7.38,7.102772,19857773.0
2017-04-10,7.37,7.47,7.29,7.44,7.160518,23780784.0
2017-04-11,7.43,7.6,7.26,7.54,7.256761999999999,36301858.0
2017-04-12,7.45,7.63,7.4,7.43,7.150894,19808302.0
2017-04-13,7.42,7.63,7.4,7.61,7.3241320000000005,29699804.0
2017-04-14,7.61,7.69,7.56,7.58,7.295259,26753865.0
2017-04-17,7.57,7.67,7.46,7.47,7.1893910000000005,18709877.0
2017-04-18,7.5,7.66,7.5,7.59,7.304883,25386818.0
2017-04-19,7.55,7.64,7.44,7.58,7.295259,15647243.0
2017-04-20,7.56,7.62,7.37,7.38,7.102772,16039439.0
2017-04-21,7.4,7.69,7.39,7.69,7.401127000000001,31129478.0
2017-04-24,7.68,7.85,7.41,7.54,7.256761999999999,30450215.0
2017-04-25,7.54,7.81,7.5,7.77,7.478122,30222145.0
2017-04-26,7.66,7.94,7.58,7.8,7.506995,27791988.0
2017-04-27,7.75,7.87,7.73,7.82,7.526244,20736540.0
2017-04-28,7.85,7.87,7.72,7.8,7.506995,15902074.0
2017-05-02,7.8,7.84,7.56,7.62,7.333756,12778016.0
2017-05-03,7.61,7.67,7.43,7.47,7.1893910000000005,14515028.0
2017-05-04,7.47,7.68,7.4,7.56,7.2760110000000005,15954162.0
2017-05-05,7.47,7.68,7.47,7.56,7.2760110000000005,13949198.0
2017-05-08,7.52,7.63,7.41,7.45,7.170142,7408307.0
2017-05-09,7.47,8.1,7.47,7.93,7.632111999999999,47967083.0
2017-05-10,7.95,7.95,7.73,7.74,7.449249000000001,20702102.0
2017-05-11,7.75,7.83,7.58,7.79,7.497371,21316046.0
2017-05-12,7.74,7.96,7.7,7.76,7.468497999999999,21950797.0
2017-05-15,7.77,7.93,7.69,7.88,7.583989999999999,15296231.0
2017-05-16,7.87,7.94,7.75,7.89,7.593614,17295852.0
2017-05-17,7.9,8.14,7.88,7.89,7.593614,19463442.0
2017-05-18,7.76,7.85,7.61,7.67,7.3818779999999995,20523840.0
2017-05-19,7.66,7.84,7.66,7.79,7.497371,12204704.0
2017-05-22,7.76,8.0,7.7,7.8,7.506995,15960779.0
2017-05-23,7.73,7.92,7.65,7.66,7.372253999999999,13749501.0
2017-05-24,7.58,7.82,7.56,7.79,7.497371,11257819.0
2017-05-25,7.77,7.87,7.74,7.85,7.555117,8713200.0
2017-05-26,7.85,8.02,7.82,7.95,7.65136,13842278.0
2017-05-31,7.95,8.14,7.78,7.79,7.497371,17095228.0
2017-06-01,7.77,7.91,7.77,7.9,7.603239,9697844.0
2017-06-02,7.88,8.04,7.82,8.01,7.709105999999999,18893863.0
2017-06-05,8.14,8.36,8.05,8.3,7.988213000000001,29466589.0
2017-06-06,8.25,8.26,7.96,8.08,7.776477000000001,28529032.0
2017-06-07,8.07,8.21,8.02,8.11,7.8053490000000005,20694151.0
2017-06-08,8.11,8.18,7.96,8.14,7.834223,18079961.0
2017-06-09,8.13,8.13,7.92,7.98,7.680233,24226856.0
2017-06-12,8.0,8.23,7.95,8.22,7.911217999999999,24531257.0
2017-06-13,8.2,8.2,8.03,8.12,7.814974,17373898.0
2017-06-14,8.08,8.11,7.98,8.01,7.709105999999999,15923178.0
2017-06-15,7.98,8.0,7.87,7.89,7.593614,17510439.0
2017-06-16,7.88,7.9,7.69,7.71,7.420375999999999,28680328.0
2017-06-19,7.72,7.83,7.69,7.81,7.516619,18025976.0
2017-06-20,7.79,7.84,7.68,7.74,7.449249000000001,18700703.0
2017-06-21,7.76,7.81,7.69,7.8,7.506995,16701468.0
2017-06-22,7.85,7.99,7.76,7.77,7.478122,42262686.0
2017-06-23,7.78,7.78,7.58,7.75,7.458873,28175740.0
2017-06-26,7.74,7.77,7.66,7.73,7.439624,20680823.0
2017-06-27,7.72,7.78,7.69,7.75,7.458873,14398577.0
2017-06-28,7.75,7.81,7.74,7.8,7.506995,15804603.0
2017-06-29,7.83,7.84,7.68,7.72,7.43,19517929.0
2017-06-30,7.42,7.42,7.29,7.34,7.34,17037707.0
2017-07-03,7.3,7.33,7.13,7.17,7.17,26779301.0
2017-07-04,7.17,7.24,7.15,7.2,7.2,13707010.0
2017-07-05,7.18,7.25,7.15,7.21,7.21,13144268.0
2017-07-06,7.27,7.45,7.27,7.31,7.31,28113202.0
2017-07-07,7.28,7.36,7.27,7.32,7.32,17406253.0
2017-07-10,7.33,7.36,7.3,7.31,7.31,10683308.0
2017-07-11,7.31,7.31,7.17,7.22,7.22,22020124.0
2017-07-12,7.21,7.22,7.04,7.1,7.1,30643684.0
2017-07-13,7.1,7.16,7.08,7.13,7.13,18804952.0
2017-07-14,7.14,7.23,7.09,7.21,7.21,21021072.0
2017-07-17,7.19,7.19,7.06,7.08,7.08,22127034.0
2017-07-18,7.1,7.16,7.08,7.15,7.15,14867430.0
2017-07-19,7.14,7.36,7.11,7.35,7.35,38827163.0
2017-07-20,7.31,7.43,7.26,7.37,7.37,29582931.0
2017-07-21,7.36,7.4,7.31,7.33,7.33,16165243.0
2017-07-24,7.33,7.38,7.31,7.37,7.37,13126583.0
2017-07-25,7.38,7.38,7.26,7.29,7.29,13214202.0
2017-07-26,7.29,7.33,7.21,7.22,7.22,17583859.0
2017-07-27,7.21,7.26,7.18,7.26,7.26,10080920.0
2017-07-28,7.24,7.4,7.24,7.32,7.32,17512304.0
2017-07-31,7.32,7.38,7.31,7.34,7.34,11627174.0
2017-08-01,7.34,7.42,7.32,7.38,7.38,15437887.0
2017-08-02,7.38,7.42,7.23,7.24,7.24,26091058.0
2017-08-03,7.22,7.33,7.2,7.27,7.27,16640773.0
2017-08-04,7.28,7.3,7.25,7.29,7.29,9349205.0
2017-08-07,7.3,7.3,7.15,7.19,7.19,19819524.0
2017-08-08,7.19,7.2,7.09,7.12,7.12,17306966.0
2017-08-09,7.12,7.12,7.05,7.07,7.07,17695038.0
2017-08-10,7.07,7.12,7.0,7.03,7.03,17957141.0
2017-08-11,7.03,7.03,6.85,6.87,6.87,18815073.0
2017-08-14,6.87,6.93,6.86,6.91,6.91,11948767.0
2017-08-15,6.91,6.94,6.88,6.9,6.9,11245637.0
2017-08-16,6.91,6.94,6.86,6.93,6.93,10886417.0
2017-08-17,6.94,7.15,6.91,7.09,7.09,25693750.0
2017-08-18,7.06,7.18,7.03,7.17,7.17,21569611.0
2017-08-21,7.18,7.24,7.1,7.16,7.16,18099310.0
2017-08-22,7.16,7.2,7.12,7.18,7.18,10747138.0
2017-08-23,7.17,7.17,7.07,7.08,7.08,8445739.0
2017-08-24,7.08,7.24,7.08,7.11,7.11,19588535.0
2017-08-25,7.1,7.15,7.05,7.13,7.13,14701584.0
2017-08-28,7.1,7.21,7.09,7.18,7.18,15160189.0
2017-08-29,7.24,7.3,7.19,7.19,7.19,16630300.0
2017-08-30,7.18,7.22,7.14,7.17,7.17,9250519.0
2017-08-31,7.17,7.17,7.12,7.15,7.15,6325207.0
2017-09-01,7.23,7.28,7.17,7.19,7.19,18349236.0
2017-09-04,7.15,7.19,7.07,7.12,7.12,17959870.0
2017-09-05,7.12,7.12,7.02,7.05,7.05,15362351.0
2017-09-06,7.05,7.06,7.0,7.05,7.05,9142257.0
2017-09-07,7.04,7.05,7.01,7.02,7.02,7486321.0
2017-09-08,7.04,7.05,7.0,7.01,7.01,8406399.0
2017-09-11,7.01,7.05,6.97,7.05,7.05,11992287.0
2017-09-12,7.05,7.05,6.92,6.97,6.97,23329514.0
2017-09-13,6.96,7.0,6.9,6.97,6.97,12604256.0
2017-09-14,6.95,6.99,6.91,6.97,6.97,7983603.0
2017-09-15,6.96,6.96,6.9,6.92,6.92,13564754.0
2017-09-18,6.94,6.97,6.93,6.97,6.97,5527500.0
2017-09-19,6.97,6.98,6.93,6.97,6.97,4334145.0
2017-09-20,6.98,7.01,6.94,7.0,7.0,7329615.0
2017-09-21,7.01,7.02,6.94,6.97,6.97,7100300.0
2017-09-22,6.96,6.96,6.89,6.93,6.93,6316752.0
2017-09-25,6.94,6.94,6.89,6.9,6.9,5090444.0
2017-09-26,6.9,6.91,6.85,6.9,6.9,9058615.0
2017-09-27,6.87,6.93,6.87,6.91,6.91,4677500.0
2017-09-28,6.9,6.92,6.88,6.9,6.9,4524092.0
2017-09-29,6.91,6.94,6.88,6.94,6.94,4139106.0
2017-10-09,6.94,6.98,6.94,6.96,6.96,4614822.0
2017-10-10,6.96,7.0,6.94,6.98,6.98,5550600.0
2017-10-11,7.0,7.0,6.96,6.98,6.98,4871620.0
2017-10-12,6.98,6.98,6.88,6.91,6.91,10260191.0
2017-10-13,6.93,6.97,6.89,6.92,6.92,9210786.0
2017-10-16,6.9,6.92,6.86,6.86,6.86,7126465.0
2017-10-17,6.87,6.89,6.85,6.86,6.86,4193620.0
2017-10-18,6.87,6.89,6.84,6.86,6.86,4597643.0
2017-10-19,6.87,6.88,6.73,6.74,6.74,9926901.0
2017-10-20,6.74,6.79,6.72,6.79,6.79,3798902.0
2017-10-23,6.79,6.84,6.76,6.84,6.84,3738842.0
2017-10-24,6.83,6.83,6.77,6.82,6.82,2802322.0
2017-10-25,6.81,6.87,6.78,6.86,6.86,5052354.0
2017-10-26,6.87,6.88,6.83,6.87,6.87,5959668.0
2017-10-27,6.84,6.89,6.84,6.86,6.86,5827841.0
2017-10-30,6.86,6.87,6.77,6.79,6.79,6595962.0
2017-10-31,6.78,6.8,6.7,6.73,6.73,6642096.0
2017-11-01,6.73,6.75,6.68,6.74,6.74,13588700.0
2017-11-02,6.75,6.75,6.7,6.74,6.74,7269667.0
2017-11-03,6.74,6.75,6.65,6.67,6.67,6994301.0
2017-11-06,6.68,6.69,6.57,6.6,6.6,8557781.0
2017-11-07,6.6,6.64,6.57,6.59,6.59,12940981.0
2017-11-08,6.59,6.94,6.58,6.91,6.91,36270397.0
2017-11-09,6.92,6.94,6.82,6.86,6.86,18052460.0
2017-11-10,6.84,6.86,6.72,6.74,6.74,15760914.0
2017-11-13,6.75,6.78,6.66,6.69,6.69,19163245.0
2017-11-14,6.7,6.74,6.68,6.72,6.72,9602321.0
2017-11-15,6.71,6.77,6.65,6.66,6.66,9231550.0
2017-11-16,6.66,6.77,6.6,6.64,6.64,13687483.0
